公司名称,公众号名称,类型,时间,总浏览量,头条浏览量,总点赞数,头条点赞数,发文篇数,小宝指数,粉丝数,更新时间
北京易想动力信息技术有限公司,家居,房产家居,2018-11-10,999,635,2,2,3,269.86,4793,2018-12-10 12:43:47
北京易想动力信息技术有限公司,家居,房产家居,2018-11-11,767,338,0,0,3,269.86,4793,2018-12-10 12:43:47
北京易想动力信息技术有限公司,家居,房产家居,2018-11-12,1305,665,1,1,3,269.86,4793,2018-12-10 12:43:47
北京易想动力信息技术有限公司,家居,房产家居,2018-11-13,836,378,1,0,3,269.86,4793,2018-12-10 12:43:47
北京易想动力信息技术有限公司,家居,房产家居,2018-11-14,0,0,0,0,0,269.86,4793,2018-12-10 12:43:47
北京易想动力信息技术有限公司,家居,房产家居,2018-11-15,778,504,1,1,2,269.86,4793,2018-12-10 12:43:47
河北恋家网络技术有限公司,恋家网,房产家居,2018-11-10,0,0,0,0,0,270.5,1万,2018-12-10 12:43:46
河北恋家网络技术有限公司,恋家网,房产家居,2018-11-11,0,0,0,0,0,270.5,1万,2018-12-10 12:43:46
河北恋家网络技术有限公司,恋家网,房产家居,2018-11-12,0,0,0,0,0,270.5,1万,2018-12-10 12:43:46
河北恋家网络技术有限公司,恋家网,房产家居,2018-11-13,0,0,0,0,0,270.5,1万,2018-12-10 12:43:46
河北恋家网络技术有限公司,恋家网,房产家居,2018-11-14,0,0,0,0,0,270.5,1万,2018-12-10 12:43:46
河北恋家网络技术有限公司,恋家网,房产家居,2018-11-15,0,0,0,0,0,270.5,1万,2018-12-10 12:43:46
河北恋家网络技术有限公司,恋家网,房产家居,2018-11-16,0,0,0,0,0,270.5,1万,2018-12-10 12:43:46
河北恋家网络技术有限公司,恋家网,房产家居,2018-11-17,0,0,0,0,0,270.5,1万,2018-12-10 12:43:46
河北恋家网络技术有限公司,恋家网,房产家居,2018-11-18,0,0,0,0,0,270.5,1万,2018-12-10 12:43:46
上海齐家网信息科技股份有限公司,复式装修设计大全,房产家居,2018-11-10,1544,766,4,2,4,276.72,6987,2018-12-10 12:43:16
上海齐家网信息科技股份有限公司,复式装修设计大全,房产家居,2018-11-11,2059,1146,4,3,4,276.72,6987,2018-12-10 12:43:16
上海齐家网信息科技股份有限公司,复式装修设计大全,房产家居,2018-11-12,1807,920,4,1,4,276.72,6987,2018-12-10 12:43:16
上海齐家网信息科技股份有限公司,复式装修设计大全,房产家居,2018-11-13,1953,1099,4,3,4,276.72,6987,2018-12-10 12:43:16
上海齐家网信息科技股份有限公司,复式装修设计大全,房产家居,2018-11-14,2028,915,3,2,5,276.72,6987,2018-12-10 12:43:16
上海齐家网信息科技股份有限公司,复式装修设计大全,房产家居,2018-11-15,1705,834,7,4,4,276.72,6987,2018-12-10 12:43:16
上海齐家网信息科技股份有限公司,复式装修设计大全,房产家居,2018-11-16,0,0,0,0,0,276.72,6987,2018-12-10 12:43:16
上海齐家网信息科技股份有限公司,单身公寓装修设计案例,房产家居,2018-11-10,0,0,0,0,0,277.7,9634,2018-12-10 12:43:10
上海齐家网信息科技股份有限公司,单身公寓装修设计案例,房产家居,2018-11-11,1556,1074,6,6,4,277.7,9634,2018-12-10 12:43:10
上海齐家网信息科技股份有限公司,单身公寓装修设计案例,房产家居,2018-11-12,0,0,0,0,0,277.7,9634,2018-12-10 12:43:10
上海齐家网信息科技股份有限公司,单身公寓装修设计案例,房产家居,2018-11-13,0,0,0,0,0,277.7,9634,2018-12-10 12:43:10
上海齐家网信息科技股份有限公司,单身公寓装修设计案例,房产家居,2018-11-14,0,0,0,0,0,277.7,9634,2018-12-10 12:43:10
上海齐家网信息科技股份有限公司,单身公寓装修设计案例,房产家居,2018-11-15,0,0,0,0,0,277.7,9634,2018-12-10 12:43:10
上海齐家网信息科技股份有限公司,单身公寓装修设计案例,房产家居,2018-11-16,0,0,0,0,0,277.7,9634,2018-12-10 12:43:10
上海齐家网信息科技股份有限公司,单身公寓装修设计案例,房产家居,2018-11-17,0,0,0,0,0,277.7,9634,2018-12-10 12:43:10
浙江土拨鼠网络科技有限公司,潮流室内装修设计,房产家居,2018-11-10,824,824,2,2,1,280.28,8386,2018-12-10 12:43:00
浙江土拨鼠网络科技有限公司,潮流室内装修设计,房产家居,2018-11-11,703,703,1,1,1,280.28,8386,2018-12-10 12:43:00
浙江土拨鼠网络科技有限公司,潮流室内装修设计,房产家居,2018-11-12,0,0,0,0,0,280.28,8386,2018-12-10 12:43:00
浙江土拨鼠网络科技有限公司,潮流室内装修设计,房产家居,2018-11-13,1409,1045,4,2,2,280.28,8386,2018-12-10 12:43:00
浙江土拨鼠网络科技有限公司,潮流室内装修设计,房产家居,2018-11-14,1468,902,3,2,2,280.28,8386,2018-12-10 12:43:00
浙江土拨鼠网络科技有限公司,潮流室内装修设计,房产家居,2018-11-15,1280,1280,2,2,1,280.28,8386,2018-12-10 12:43:00
浙江土拨鼠网络科技有限公司,潮流室内装修设计,房产家居,2018-11-16,941,941,2,2,1,280.28,8386,2018-12-10 12:43:00
浙江土拨鼠网络科技有限公司,潮流室内装修设计,房产家居,2018-11-17,955,684,2,1,2,280.28,8386,2018-12-10 12:43:00
杭州智蛙科技有限公司,好太太居家技巧,房产家居,2018-11-10,0,0,0,0,0,279.19,5661,2018-12-10 12:43:06
杭州智蛙科技有限公司,好太太居家技巧,房产家居,2018-11-11,0,0,0,0,0,279.19,5661,2018-12-10 12:43:06
杭州智蛙科技有限公司,好太太居家技巧,房产家居,2018-11-12,1978,625,26,0,8,279.19,5661,2018-12-10 12:43:06
杭州智蛙科技有限公司,好太太居家技巧,房产家居,2018-11-13,2032,711,22,0,8,279.19,5661,2018-12-10 12:43:06
杭州智蛙科技有限公司,好太太居家技巧,房产家居,2018-11-14,1155,263,28,1,8,279.19,5661,2018-12-10 12:43:06
杭州智蛙科技有限公司,好太太居家技巧,房产家居,2018-11-15,1903,415,22,1,8,279.19,5661,2018-12-10 12:43:06
杭州智蛙科技有限公司,好太太居家技巧,房产家居,2018-11-16,0,0,0,0,0,279.19,5661,2018-12-10 12:43:06
杭州智蛙科技有限公司,好太太居家技巧,房产家居,2018-11-17,1072,332,12,0,8,279.19,5661,2018-12-10 12:43:06
个人,家居装修设计效果图,房产家居,2018-11-10,0,0,0,0,0,280.76,3180,2018-12-10 12:42:58
个人,家居装修设计效果图,房产家居,2018-11-11,1468,442,44,6,8,280.76,3180,2018-12-10 12:42:58
个人,家居装修设计效果图,房产家居,2018-11-12,1355,321,65,9,8,280.76,3180,2018-12-10 12:42:58
个人,家居装修设计效果图,房产家居,2018-11-13,1665,492,56,9,7,280.76,3180,2018-12-10 12:42:58
个人,家居装修设计效果图,房产家居,2018-11-14,754,234,39,5,8,280.76,3180,2018-12-10 12:42:58
个人,家居装修设计效果图,房产家居,2018-11-15,0,0,0,0,0,280.76,3180,2018-12-10 12:42:58
个人,家居装修设计效果图,房产家居,2018-11-16,0,0,0,0,0,280.76,3180,2018-12-10 12:42:58
个人,家居装修设计效果图,房产家居,2018-11-17,1135,275,61,8,8,280.76,3180,2018-12-10 12:42:58
个人,家居装修设计效果图,房产家居,2018-11-18,1882,523,35,5,8,280.76,3180,2018-12-10 12:42:58
深圳市女神网络传媒有限公司,家居布局宝典,房产家居,2018-11-10,4265,1764,35,16,5,280.89,1万,2018-12-10 12:42:57
深圳市女神网络传媒有限公司,家居布局宝典,房产家居,2018-11-11,3031,436,28,0,6,280.89,1万,2018-12-10 12:42:57
深圳市女神网络传媒有限公司,家居布局宝典,房产家居,2018-11-12,4870,1397,54,18,6,280.89,1万,2018-12-10 12:42:57
深圳市女神网络传媒有限公司,家居布局宝典,房产家居,2018-11-13,6068,2958,48,24,6,280.89,1万,2018-12-10 12:42:57
深圳市女神网络传媒有限公司,家居布局宝典,房产家居,2018-11-14,5845,1735,41,12,6,280.89,1万,2018-12-10 12:42:57
深圳市女神网络传媒有限公司,家居布局宝典,房产家居,2018-11-15,4555,1627,37,5,6,280.89,1万,2018-12-10 12:42:57
深圳市女神网络传媒有限公司,家居布局宝典,房产家居,2018-11-16,3897,1456,29,11,6,280.89,1万,2018-12-10 12:42:57
深圳市女神网络传媒有限公司,家居布局宝典,房产家居,2018-11-17,3722,1816,47,23,4,280.89,1万,2018-12-10 12:42:57
深圳市女神网络传媒有限公司,家居布局宝典,房产家居,2018-11-18,3724,633,22,1,6,280.89,1万,2018-12-10 12:42:57
上海齐家网信息科技股份有限公司,别墅装修设计案例,房产家居,2018-11-10,2662,1240,2,1,4,280.92,1万,2018-12-10 12:42:57
上海齐家网信息科技股份有限公司,别墅装修设计案例,房产家居,2018-11-11,3064,1477,2,0,4,280.92,1万,2018-12-10 12:42:57
上海齐家网信息科技股份有限公司,别墅装修设计案例,房产家居,2018-11-12,2098,1079,8,8,4,280.92,1万,2018-12-10 12:42:57
上海齐家网信息科技股份有限公司,别墅装修设计案例,房产家居,2018-11-13,0,0,0,0,0,280.92,1万,2018-12-10 12:42:57
上海齐家网信息科技股份有限公司,别墅装修设计案例,房产家居,2018-11-14,0,0,0,0,0,280.92,1万,2018-12-10 12:42:57
上海齐家网信息科技股份有限公司,别墅装修设计案例,房产家居,2018-11-15,0,0,0,0,0,280.92,1万,2018-12-10 12:42:57
上海齐家网信息科技股份有限公司,别墅装修设计案例,房产家居,2018-11-16,0,0,0,0,0,280.92,1万,2018-12-10 12:42:57
上海齐家网信息科技股份有限公司,别墅装修设计案例,房产家居,2018-11-17,3172,1332,2,0,4,280.92,1万,2018-12-10 12:42:57
上海齐家网信息科技股份有限公司,别墅装修设计案例,房产家居,2018-11-18,0,0,0,0,0,280.92,1万,2018-12-10 12:42:57
浙江土拨鼠网络科技有限公司,家装设计,房产家居,2018-11-10,735,735,3,3,1,282.29,8281,2018-12-10 12:42:43
浙江土拨鼠网络科技有限公司,家装设计,房产家居,2018-11-11,644,644,3,3,1,282.29,8281,2018-12-10 12:42:43
浙江土拨鼠网络科技有限公司,家装设计,房产家居,2018-11-12,889,889,4,4,1,282.29,8281,2018-12-10 12:42:43
浙江土拨鼠网络科技有限公司,家装设计,房产家居,2018-11-13,929,929,4,4,1,282.29,8281,2018-12-10 12:42:43
浙江土拨鼠网络科技有限公司,家装设计,房产家居,2018-11-14,795,795,3,3,1,282.29,8281,2018-12-10 12:42:43
浙江土拨鼠网络科技有限公司,家装设计,房产家居,2018-11-15,787,787,3,3,1,282.29,8281,2018-12-10 12:42:43
浙江土拨鼠网络科技有限公司,家装设计,房产家居,2018-11-16,823,823,3,3,1,282.29,8281,2018-12-10 12:42:43
浙江土拨鼠网络科技有限公司,家装设计,房产家居,2018-11-17,979,979,3,3,1,282.29,8281,2018-12-10 12:42:43
浙江土拨鼠网络科技有限公司,家装设计,房产家居,2018-11-18,753,753,0,0,1,282.29,8281,2018-12-10 12:42:43
浙江土拨鼠网络科技有限公司,家装设计,房产家居,2018-11-19,833,833,5,5,1,282.29,8281,2018-12-10 12:42:43
巧家思索者科技有限公司,巧家网,房产家居,2018-11-10,1243,783,5,1,4,284.55,6077,2018-12-10 12:42:32
巧家思索者科技有限公司,巧家网,房产家居,2018-11-11,971,504,3,2,4,284.55,6077,2018-12-10 12:42:32
巧家思索者科技有限公司,巧家网,房产家居,2018-11-12,0,0,0,0,0,284.55,6077,2018-12-10 12:42:32
巧家思索者科技有限公司,巧家网,房产家居,2018-11-13,0,0,0,0,0,284.55,6077,2018-12-10 12:42:32
巧家思索者科技有限公司,巧家网,房产家居,2018-11-14,0,0,0,0,0,284.55,6077,2018-12-10 12:42:32
巧家思索者科技有限公司,巧家网,房产家居,2018-11-15,0,0,0,0,0,284.55,6077,2018-12-10 12:42:32
巧家思索者科技有限公司,巧家网,房产家居,2018-11-16,0,0,0,0,0,284.55,6077,2018-12-10 12:42:32
巧家思索者科技有限公司,巧家网,房产家居,2018-11-17,2473,0,10,0,5,284.55,6077,2018-12-10 12:42:32
巧家思索者科技有限公司,巧家网,房产家居,2018-11-18,1873,713,10,1,6,284.55,6077,2018-12-10 12:42:32
杭州长三角商业投资管理有限公司,长三角商业地产俱乐部,房产家居,2018-11-10,2934,1454,9,4,2,285.06,2万,2018-12-10 12:42:30
杭州长三角商业投资管理有限公司,长三角商业地产俱乐部,房产家居,2018-11-11,2201,1215,14,8,2,285.06,2万,2018-12-10 12:42:30
杭州长三角商业投资管理有限公司,长三角商业地产俱乐部,房产家居,2018-11-12,3195,2419,21,11,2,285.06,2万,2018-12-10 12:42:30
杭州长三角商业投资管理有限公司,长三角商业地产俱乐部,房产家居,2018-11-13,8920,6091,39,23,2,285.06,2万,2018-12-10 12:42:30
杭州长三角商业投资管理有限公司,长三角商业地产俱乐部,房产家居,2018-11-14,5361,1861,15,5,2,285.06,2万,2018-12-10 12:42:30
杭州长三角商业投资管理有限公司,长三角商业地产俱乐部,房产家居,2018-11-15,3098,1582,11,4,2,285.06,2万,2018-12-10 12:42:30
杭州长三角商业投资管理有限公司,长三角商业地产俱乐部,房产家居,2018-11-16,2872,804,10,1,2,285.06,2万,2018-12-10 12:42:30
成都艾逸信网络技术有限公司,艾逸家居,房产家居,2018-11-10,332,227,0,0,2,285.93,4599,2018-12-10 12:42:27
成都艾逸信网络技术有限公司,艾逸家居,房产家居,2018-11-11,0,0,0,0,0,285.93,4599,2018-12-10 12:42:27
成都艾逸信网络技术有限公司,艾逸家居,房产家居,2018-11-12,640,327,1,1,2,285.93,4599,2018-12-10 12:42:27
成都艾逸信网络技术有限公司,艾逸家居,房产家居,2018-11-13,0,0,0,0,0,285.93,4599,2018-12-10 12:42:27
成都艾逸信网络技术有限公司,艾逸家居,房产家居,2018-11-14,816,816,2,2,1,285.93,4599,2018-12-10 12:42:27
成都艾逸信网络技术有限公司,艾逸家居,房产家居,2018-11-15,0,0,0,0,0,285.93,4599,2018-12-10 12:42:27
成都艾逸信网络技术有限公司,艾逸家居,房产家居,2018-11-16,525,322,1,0,2,285.93,4599,2018-12-10 12:42:27
成都艾逸信网络技术有限公司,艾逸家居,房产家居,2018-11-17,0,0,0,0,0,285.93,4599,2018-12-10 12:42:27
成都艾逸信网络技术有限公司,艾逸家居,房产家居,2018-11-18,0,0,0,0,0,285.93,4599,2018-12-10 12:42:27
个人,时尚创意家居,房产家居,2018-11-10,0,0,0,0,0,285.25,5895,2018-12-10 12:42:30
个人,时尚创意家居,房产家居,2018-11-11,1478,656,2,0,8,285.25,5895,2018-12-10 12:42:30
个人,时尚创意家居,房产家居,2018-11-12,1906,782,5,2,8,285.25,5895,2018-12-10 12:42:30
个人,时尚创意家居,房产家居,2018-11-13,1842,621,13,6,8,285.25,5895,2018-12-10 12:42:30
个人,时尚创意家居,房产家居,2018-11-14,0,0,0,0,0,285.25,5895,2018-12-10 12:42:30
个人,时尚创意家居,房产家居,2018-11-15,1517,455,1,1,8,285.25,5895,2018-12-10 12:42:30
个人,时尚创意家居,房产家居,2018-11-16,0,0,0,0,0,285.25,5895,2018-12-10 12:42:30
个人,时尚创意家居,房产家居,2018-11-17,2650,1335,17,8,8,285.25,5895,2018-12-10 12:42:30
个人,时尚创意家居,房产家居,2018-11-18,1682,647,5,1,8,285.25,5895,2018-12-10 12:42:30
个人,时尚创意家居,房产家居,2018-11-19,1892,736,10,5,8,285.25,5895,2018-12-10 12:42:30
个人,家美家居装修室内设计,房产家居,2018-11-10,0,0,0,0,0,285.18,6819,2018-12-10 12:42:30
个人,家美家居装修室内设计,房产家居,2018-11-11,1835,957,9,1,8,285.18,6819,2018-12-10 12:42:30
个人,家美家居装修室内设计,房产家居,2018-11-12,1991,866,2,1,8,285.18,6819,2018-12-10 12:42:30
个人,家美家居装修室内设计,房产家居,2018-11-13,2062,852,7,0,8,285.18,6819,2018-12-10 12:42:30
个人,家美家居装修室内设计,房产家居,2018-11-14,1814,752,11,2,8,285.18,6819,2018-12-10 12:42:30
个人,家美家居装修室内设计,房产家居,2018-11-15,1972,684,6,1,8,285.18,6819,2018-12-10 12:42:30
个人,家美家居装修室内设计,房产家居,2018-11-16,2099,998,9,1,8,285.18,6819,2018-12-10 12:42:30
个人,家美家居装修室内设计,房产家居,2018-11-17,2238,939,23,15,8,285.18,6819,2018-12-10 12:42:30
个人,家美家居装修室内设计,房产家居,2018-11-18,1799,773,6,2,8,285.18,6819,2018-12-10 12:42:30
湖北百搜网络科技有限公司,装修效果图片,房产家居,2018-11-10,2906,1648,9,2,4,286.33,1万,2018-12-10 12:42:22
湖北百搜网络科技有限公司,装修效果图片,房产家居,2018-11-11,1341,637,4,2,4,286.33,1万,2018-12-10 12:42:22
湖北百搜网络科技有限公司,装修效果图片,房产家居,2018-11-12,1521,902,4,3,4,286.33,1万,2018-12-10 12:42:22
湖北百搜网络科技有限公司,装修效果图片,房产家居,2018-11-13,1817,792,4,4,4,286.33,1万,2018-12-10 12:42:22
湖北百搜网络科技有限公司,装修效果图片,房产家居,2018-11-14,2313,1267,4,3,4,286.33,1万,2018-12-10 12:42:22
湖北百搜网络科技有限公司,装修效果图片,房产家居,2018-11-15,1967,960,17,5,4,286.33,1万,2018-12-10 12:42:22
湖北百搜网络科技有限公司,装修效果图片,房产家居,2018-11-16,2481,1484,17,15,4,286.33,1万,2018-12-10 12:42:22
湖北百搜网络科技有限公司,装修效果图片,房产家居,2018-11-17,2113,1078,7,3,4,286.33,1万,2018-12-10 12:42:22
湖北百搜网络科技有限公司,装修效果图片,房产家居,2018-11-18,1898,1138,5,4,4,286.33,1万,2018-12-10 12:42:22
长沙驰腾信息科技有限公司,装修策略,房产家居,2018-11-10,1713,581,22,9,8,287.52,6779,2018-12-10 12:42:17
长沙驰腾信息科技有限公司,装修策略,房产家居,2018-11-11,2030,741,21,10,8,287.52,6779,2018-12-10 12:42:17
长沙驰腾信息科技有限公司,装修策略,房产家居,2018-11-12,2260,871,16,6,8,287.52,6779,2018-12-10 12:42:17
长沙驰腾信息科技有限公司,装修策略,房产家居,2018-11-13,2530,994,11,4,8,287.52,6779,2018-12-10 12:42:17
长沙驰腾信息科技有限公司,装修策略,房产家居,2018-11-14,2091,715,12,5,8,287.52,6779,2018-12-10 12:42:17
长沙驰腾信息科技有限公司,装修策略,房产家居,2018-11-15,2791,1219,21,9,8,287.52,6779,2018-12-10 12:42:17
长沙驰腾信息科技有限公司,装修策略,房产家居,2018-11-16,3087,1350,28,13,8,287.52,6779,2018-12-10 12:42:17
长沙驰腾信息科技有限公司,装修策略,房产家居,2018-11-17,1359,519,6,4,7,287.52,6779,2018-12-10 12:42:17
杭州孤独信息技术有限公司,居家配饰馆,房产家居,2018-11-10,0,0,0,0,0,289.48,4671,2018-12-10 12:42:11
杭州孤独信息技术有限公司,居家配饰馆,房产家居,2018-11-11,3609,2223,4,3,7,289.48,4671,2018-12-10 12:42:11
杭州孤独信息技术有限公司,居家配饰馆,房产家居,2018-11-12,3312,1832,9,9,8,289.48,4671,2018-12-10 12:42:11
杭州孤独信息技术有限公司,居家配饰馆,房产家居,2018-11-13,2043,702,3,1,8,289.48,4671,2018-12-10 12:42:11
杭州孤独信息技术有限公司,居家配饰馆,房产家居,2018-11-14,1649,636,2,0,8,289.48,4671,2018-12-10 12:42:11
杭州孤独信息技术有限公司,居家配饰馆,房产家居,2018-11-15,1904,701,3,0,8,289.48,4671,2018-12-10 12:42:11
杭州孤独信息技术有限公司,居家配饰馆,房产家居,2018-11-16,2540,330,8,1,8,289.48,4671,2018-12-10 12:42:11
杭州孤独信息技术有限公司,居家配饰馆,房产家居,2018-11-17,1780,442,4,0,8,289.48,4671,2018-12-10 12:42:11
湖南创业工场网络科技有限公司,金牌经纪圈,房产家居,2018-11-10,0,0,0,0,0,244.14,6041,2018-12-10 12:44:45
湖南创业工场网络科技有限公司,金牌经纪圈,房产家居,2018-11-11,371,293,1,1,2,244.14,6041,2018-12-10 12:44:45
湖南创业工场网络科技有限公司,金牌经纪圈,房产家居,2018-11-12,579,507,2,2,2,244.14,6041,2018-12-10 12:44:45
湖南创业工场网络科技有限公司,金牌经纪圈,房产家居,2018-11-13,0,0,0,0,0,244.14,6041,2018-12-10 12:44:45
杭州欧成网络科技有限公司,有容商城,房产家居,2018-11-10,331,331,3,3,1,248.04,3157,2018-12-10 12:44:38
杭州欧成网络科技有限公司,有容商城,房产家居,2018-11-11,384,384,2,2,1,248.04,3157,2018-12-10 12:44:38
杭州欧成网络科技有限公司,有容商城,房产家居,2018-11-12,0,0,0,0,0,248.04,3157,2018-12-10 12:44:38
深圳市筑新居科技有限公司,房地产事,房产家居,2018-11-10,0,0,0,0,0,251.45,3110,2018-12-10 12:44:36
深圳市筑新居科技有限公司,房地产事,房产家居,2018-11-11,0,0,0,0,0,251.45,3110,2018-12-10 12:44:36
深圳市筑新居科技有限公司,房地产事,房产家居,2018-11-12,0,0,0,0,0,251.45,3110,2018-12-10 12:44:36
个人,地产精英俱乐部,房产家居,2018-11-10,1784,1556,7,6,4,252.2,5070,2018-12-10 12:44:32
个人,地产精英俱乐部,房产家居,2018-11-11,640,289,6,3,5,252.2,5070,2018-12-10 12:44:32
个人,地产精英俱乐部,房产家居,2018-11-12,1167,707,13,5,5,252.2,5070,2018-12-10 12:44:32
个人,地产精英俱乐部,房产家居,2018-11-13,786,440,5,4,6,252.2,5070,2018-12-10 12:44:32
个人,地产精英俱乐部,房产家居,2018-11-14,675,519,8,4,4,252.2,5070,2018-12-10 12:44:32
个人,地产精英俱乐部,房产家居,2018-11-15,1431,1180,9,5,5,252.2,5070,2018-12-10 12:44:32
个人,地产精英俱乐部,房产家居,2018-11-16,1705,1021,9,4,5,252.2,5070,2018-12-10 12:44:32
济南六度网络技术有限公司,装修之家,房产家居,2018-11-10,836,530,5,2,2,262.47,4507,2018-12-10 12:44:14
济南六度网络技术有限公司,装修之家,房产家居,2018-11-11,623,430,2,1,2,262.47,4507,2018-12-10 12:44:14
济南六度网络技术有限公司,装修之家,房产家居,2018-11-12,836,563,3,2,2,262.47,4507,2018-12-10 12:44:14
济南六度网络技术有限公司,装修之家,房产家居,2018-11-13,832,532,5,4,2,262.47,4507,2018-12-10 12:44:14
济南六度网络技术有限公司,装修之家,房产家居,2018-11-14,515,384,2,1,2,262.47,4507,2018-12-10 12:44:14
济南六度网络技术有限公司,装修之家,房产家居,2018-11-15,0,0,0,0,0,262.47,4507,2018-12-10 12:44:14
济南六度网络技术有限公司,装修之家,房产家居,2018-11-16,688,478,2,1,2,262.47,4507,2018-12-10 12:44:14
南京嘉网传媒有限公司,西祠房产,房产家居,2018-11-10,3654,3362,34,32,2,265.14,1万,2018-12-10 12:44:10
南京嘉网传媒有限公司,西祠房产,房产家居,2018-11-11,0,0,0,0,0,265.14,1万,2018-12-10 12:44:10
南京嘉网传媒有限公司,西祠房产,房产家居,2018-11-12,543,398,11,7,3,265.14,1万,2018-12-10 12:44:10
南京嘉网传媒有限公司,西祠房产,房产家居,2018-11-13,7554,7345,64,59,3,265.14,1万,2018-12-10 12:44:10
南京嘉网传媒有限公司,西祠房产,房产家居,2018-11-14,0,0,0,0,0,265.14,1万,2018-12-10 12:44:10
北京易想动力信息技术有限公司,家居,房产家居,2018-11-16,704,462,4,2,2,269.86,4793,2018-12-10 12:43:47
北京易想动力信息技术有限公司,家居,房产家居,2018-11-17,0,0,0,0,0,269.86,4793,2018-12-10 12:43:47
北京易想动力信息技术有限公司,家居,房产家居,2018-11-18,943,521,0,0,2,269.86,4793,2018-12-10 12:43:47
北京易想动力信息技术有限公司,家居,房产家居,2018-11-19,848,558,4,2,2,269.86,4793,2018-12-10 12:43:47
北京易想动力信息技术有限公司,家居,房产家居,2018-11-20,877,583,3,3,2,269.86,4793,2018-12-10 12:43:47
北京易想动力信息技术有限公司,家居,房产家居,2018-11-21,1058,614,4,4,3,269.86,4793,2018-12-10 12:43:47
北京易想动力信息技术有限公司,家居,房产家居,2018-11-22,939,458,3,2,3,269.86,4793,2018-12-10 12:43:47
北京易想动力信息技术有限公司,家居,房产家居,2018-11-23,869,379,1,1,3,269.86,4793,2018-12-10 12:43:47
北京易想动力信息技术有限公司,家居,房产家居,2018-11-24,1046,725,1,1,2,269.86,4793,2018-12-10 12:43:47
北京易想动力信息技术有限公司,家居,房产家居,2018-11-25,841,422,0,0,3,269.86,4793,2018-12-10 12:43:47
河北恋家网络技术有限公司,恋家网,房产家居,2018-11-19,0,0,0,0,0,270.5,1万,2018-12-10 12:43:46
河北恋家网络技术有限公司,恋家网,房产家居,2018-11-20,0,0,0,0,0,270.5,1万,2018-12-10 12:43:46
河北恋家网络技术有限公司,恋家网,房产家居,2018-11-21,0,0,0,0,0,270.5,1万,2018-12-10 12:43:46
河北恋家网络技术有限公司,恋家网,房产家居,2018-11-22,0,0,0,0,0,270.5,1万,2018-12-10 12:43:46
河北恋家网络技术有限公司,恋家网,房产家居,2018-11-23,0,0,0,0,0,270.5,1万,2018-12-10 12:43:46
河北恋家网络技术有限公司,恋家网,房产家居,2018-11-24,0,0,0,0,0,270.5,1万,2018-12-10 12:43:46
河北恋家网络技术有限公司,恋家网,房产家居,2018-11-25,0,0,0,0,0,270.5,1万,2018-12-10 12:43:46
河北恋家网络技术有限公司,恋家网,房产家居,2018-11-26,0,0,0,0,0,270.5,1万,2018-12-10 12:43:46
河北恋家网络技术有限公司,恋家网,房产家居,2018-11-27,0,0,0,0,0,270.5,1万,2018-12-10 12:43:46
河北恋家网络技术有限公司,恋家网,房产家居,2018-11-28,0,0,0,0,0,270.5,1万,2018-12-10 12:43:46
上海齐家网信息科技股份有限公司,复式装修设计大全,房产家居,2018-11-17,1688,795,5,3,5,276.72,6987,2018-12-10 12:43:16
上海齐家网信息科技股份有限公司,复式装修设计大全,房产家居,2018-11-18,0,0,0,0,0,276.72,6987,2018-12-10 12:43:16
上海齐家网信息科技股份有限公司,复式装修设计大全,房产家居,2018-11-19,1625,916,6,6,4,276.72,6987,2018-12-10 12:43:16
上海齐家网信息科技股份有限公司,复式装修设计大全,房产家居,2018-11-20,1996,825,1,1,5,276.72,6987,2018-12-10 12:43:16
上海齐家网信息科技股份有限公司,复式装修设计大全,房产家居,2018-11-21,1593,703,0,0,4,276.72,6987,2018-12-10 12:43:16
上海齐家网信息科技股份有限公司,复式装修设计大全,房产家居,2018-11-22,2250,913,8,1,4,276.72,6987,2018-12-10 12:43:16
上海齐家网信息科技股份有限公司,复式装修设计大全,房产家居,2018-11-23,1552,728,3,1,5,276.72,6987,2018-12-10 12:43:16
上海齐家网信息科技股份有限公司,复式装修设计大全,房产家居,2018-11-24,1860,899,1,1,4,276.72,6987,2018-12-10 12:43:16
上海齐家网信息科技股份有限公司,复式装修设计大全,房产家居,2018-11-25,2492,1261,4,2,4,276.72,6987,2018-12-10 12:43:16
上海齐家网信息科技股份有限公司,单身公寓装修设计案例,房产家居,2018-11-18,0,0,0,0,0,277.7,9634,2018-12-10 12:43:10
上海齐家网信息科技股份有限公司,单身公寓装修设计案例,房产家居,2018-11-19,0,0,0,0,0,277.7,9634,2018-12-10 12:43:10
上海齐家网信息科技股份有限公司,单身公寓装修设计案例,房产家居,2018-11-20,1548,941,6,4,4,277.7,9634,2018-12-10 12:43:10
上海齐家网信息科技股份有限公司,单身公寓装修设计案例,房产家居,2018-11-21,0,0,0,0,0,277.7,9634,2018-12-10 12:43:10
上海齐家网信息科技股份有限公司,单身公寓装修设计案例,房产家居,2018-11-22,0,0,0,0,0,277.7,9634,2018-12-10 12:43:10
上海齐家网信息科技股份有限公司,单身公寓装修设计案例,房产家居,2018-11-23,0,0,0,0,0,277.7,9634,2018-12-10 12:43:10
上海齐家网信息科技股份有限公司,单身公寓装修设计案例,房产家居,2018-11-24,0,0,0,0,0,277.7,9634,2018-12-10 12:43:10
上海齐家网信息科技股份有限公司,单身公寓装修设计案例,房产家居,2018-11-25,0,0,0,0,0,277.7,9634,2018-12-10 12:43:10
上海齐家网信息科技股份有限公司,单身公寓装修设计案例,房产家居,2018-11-26,0,0,0,0,0,277.7,9634,2018-12-10 12:43:10
浙江土拨鼠网络科技有限公司,潮流室内装修设计,房产家居,2018-11-18,1436,997,2,2,2,280.28,8386,2018-12-10 12:43:00
浙江土拨鼠网络科技有限公司,潮流室内装修设计,房产家居,2018-11-19,1167,1167,1,1,1,280.28,8386,2018-12-10 12:43:00
浙江土拨鼠网络科技有限公司,潮流室内装修设计,房产家居,2018-11-20,1549,1010,3,1,2,280.28,8386,2018-12-10 12:43:00
浙江土拨鼠网络科技有限公司,潮流室内装修设计,房产家居,2018-11-21,727,727,3,3,1,280.28,8386,2018-12-10 12:43:00
浙江土拨鼠网络科技有限公司,潮流室内装修设计,房产家居,2018-11-22,1350,764,3,2,2,280.28,8386,2018-12-10 12:43:00
浙江土拨鼠网络科技有限公司,潮流室内装修设计,房产家居,2018-11-23,757,757,4,4,1,280.28,8386,2018-12-10 12:43:00
浙江土拨鼠网络科技有限公司,潮流室内装修设计,房产家居,2018-11-24,860,860,2,2,1,280.28,8386,2018-12-10 12:43:00
浙江土拨鼠网络科技有限公司,潮流室内装修设计,房产家居,2018-11-25,1754,1248,6,5,2,280.28,8386,2018-12-10 12:43:00
浙江土拨鼠网络科技有限公司,潮流室内装修设计,房产家居,2018-11-26,0,0,0,0,0,280.28,8386,2018-12-10 12:43:00
浙江土拨鼠网络科技有限公司,潮流室内装修设计,房产家居,2018-11-27,0,0,0,0,0,280.28,8386,2018-12-10 12:43:00
杭州智蛙科技有限公司,好太太居家技巧,房产家居,2018-11-18,3077,644,45,0,8,279.19,5661,2018-12-10 12:43:06
杭州智蛙科技有限公司,好太太居家技巧,房产家居,2018-11-19,2138,612,40,0,8,279.19,5661,2018-12-10 12:43:06
杭州智蛙科技有限公司,好太太居家技巧,房产家居,2018-11-20,0,0,0,0,0,279.19,5661,2018-12-10 12:43:06
杭州智蛙科技有限公司,好太太居家技巧,房产家居,2018-11-21,2071,656,23,0,8,279.19,5661,2018-12-10 12:43:06
杭州智蛙科技有限公司,好太太居家技巧,房产家居,2018-11-22,1334,554,8,0,8,279.19,5661,2018-12-10 12:43:06
杭州智蛙科技有限公司,好太太居家技巧,房产家居,2018-11-23,0,0,0,0,0,279.19,5661,2018-12-10 12:43:06
杭州智蛙科技有限公司,好太太居家技巧,房产家居,2018-11-24,0,0,0,0,0,279.19,5661,2018-12-10 12:43:06
杭州智蛙科技有限公司,好太太居家技巧,房产家居,2018-11-25,0,0,0,0,0,279.19,5661,2018-12-10 12:43:06
杭州智蛙科技有限公司,好太太居家技巧,房产家居,2018-11-26,3370,2147,36,26,8,279.19,5661,2018-12-10 12:43:06
杭州智蛙科技有限公司,好太太居家技巧,房产家居,2018-11-27,3438,1106,27,7,8,279.19,5661,2018-12-10 12:43:06
杭州智蛙科技有限公司,好太太居家技巧,房产家居,2018-11-28,1170,369,7,0,8,279.19,5661,2018-12-10 12:43:06
杭州智蛙科技有限公司,好太太居家技巧,房产家居,2018-11-29,1945,698,16,0,8,279.19,5661,2018-12-10 12:43:06
个人,家居装修设计效果图,房产家居,2018-11-19,1329,181,25,2,8,280.76,3180,2018-12-10 12:42:58
个人,家居装修设计效果图,房产家居,2018-11-20,1955,745,51,9,8,280.76,3180,2018-12-10 12:42:58
个人,家居装修设计效果图,房产家居,2018-11-21,1599,468,27,3,8,280.76,3180,2018-12-10 12:42:58
个人,家居装修设计效果图,房产家居,2018-11-22,753,222,2,2,8,280.76,3180,2018-12-10 12:42:58
个人,家居装修设计效果图,房产家居,2018-11-23,0,0,0,0,0,280.76,3180,2018-12-10 12:42:58
个人,家居装修设计效果图,房产家居,2018-11-24,0,0,0,0,0,280.76,3180,2018-12-10 12:42:58
个人,家居装修设计效果图,房产家居,2018-11-25,1755,446,44,6,8,280.76,3180,2018-12-10 12:42:58
个人,家居装修设计效果图,房产家居,2018-11-26,858,317,24,3,8,280.76,3180,2018-12-10 12:42:58
个人,家居装修设计效果图,房产家居,2018-11-27,1448,440,16,2,8,280.76,3180,2018-12-10 12:42:58
个人,家居装修设计效果图,房产家居,2018-11-28,1833,479,75,11,8,280.76,3180,2018-12-10 12:42:58
个人,家居装修设计效果图,房产家居,2018-11-29,1397,488,48,7,7,280.76,3180,2018-12-10 12:42:58
深圳市女神网络传媒有限公司,家居布局宝典,房产家居,2018-11-19,5165,2070,54,18,6,280.89,1万,2018-12-10 12:42:57
深圳市女神网络传媒有限公司,家居布局宝典,房产家居,2018-11-20,5190,1671,41,9,6,280.89,1万,2018-12-10 12:42:57
深圳市女神网络传媒有限公司,家居布局宝典,房产家居,2018-11-21,4579,1172,33,7,6,280.89,1万,2018-12-10 12:42:57
深圳市女神网络传媒有限公司,家居布局宝典,房产家居,2018-11-22,4882,1718,53,7,6,280.89,1万,2018-12-10 12:42:57
深圳市女神网络传媒有限公司,家居布局宝典,房产家居,2018-11-23,4790,1617,37,10,6,280.89,1万,2018-12-10 12:42:57
深圳市女神网络传媒有限公司,家居布局宝典,房产家居,2018-11-24,5324,1852,34,4,6,280.89,1万,2018-12-10 12:42:57
深圳市女神网络传媒有限公司,家居布局宝典,房产家居,2018-11-25,2908,358,34,1,6,280.89,1万,2018-12-10 12:42:57
深圳市女神网络传媒有限公司,家居布局宝典,房产家居,2018-11-26,5471,2833,31,9,6,280.89,1万,2018-12-10 12:42:57
深圳市女神网络传媒有限公司,家居布局宝典,房产家居,2018-11-27,3948,979,27,5,6,280.89,1万,2018-12-10 12:42:57
上海齐家网信息科技股份有限公司,别墅装修设计案例,房产家居,2018-11-19,0,0,0,0,0,280.92,1万,2018-12-10 12:42:57
上海齐家网信息科技股份有限公司,别墅装修设计案例,房产家居,2018-11-20,2359,1277,3,2,4,280.92,1万,2018-12-10 12:42:57
上海齐家网信息科技股份有限公司,别墅装修设计案例,房产家居,2018-11-21,0,0,0,0,0,280.92,1万,2018-12-10 12:42:57
上海齐家网信息科技股份有限公司,别墅装修设计案例,房产家居,2018-11-22,0,0,0,0,0,280.92,1万,2018-12-10 12:42:57
上海齐家网信息科技股份有限公司,别墅装修设计案例,房产家居,2018-11-23,2987,1528,6,5,4,280.92,1万,2018-12-10 12:42:57
上海齐家网信息科技股份有限公司,别墅装修设计案例,房产家居,2018-11-24,2393,1201,6,5,4,280.92,1万,2018-12-10 12:42:57
上海齐家网信息科技股份有限公司,别墅装修设计案例,房产家居,2018-11-25,2405,1186,4,2,4,280.92,1万,2018-12-10 12:42:57
上海齐家网信息科技股份有限公司,别墅装修设计案例,房产家居,2018-11-26,3012,1345,5,2,4,280.92,1万,2018-12-10 12:42:57
浙江土拨鼠网络科技有限公司,家装设计,房产家居,2018-11-20,755,755,1,1,1,282.29,8281,2018-12-10 12:42:43
浙江土拨鼠网络科技有限公司,家装设计,房产家居,2018-11-21,1088,1088,5,5,1,282.29,8281,2018-12-10 12:42:43
浙江土拨鼠网络科技有限公司,家装设计,房产家居,2018-11-22,750,750,2,2,1,282.29,8281,2018-12-10 12:42:43
浙江土拨鼠网络科技有限公司,家装设计,房产家居,2018-11-23,841,841,3,3,1,282.29,8281,2018-12-10 12:42:43
浙江土拨鼠网络科技有限公司,家装设计,房产家居,2018-11-24,690,690,2,2,1,282.29,8281,2018-12-10 12:42:43
浙江土拨鼠网络科技有限公司,家装设计,房产家居,2018-11-25,856,856,3,3,1,282.29,8281,2018-12-10 12:42:43
浙江土拨鼠网络科技有限公司,家装设计,房产家居,2018-11-26,820,820,7,7,1,282.29,8281,2018-12-10 12:42:43
浙江土拨鼠网络科技有限公司,家装设计,房产家居,2018-11-27,835,835,3,3,1,282.29,8281,2018-12-10 12:42:43
浙江土拨鼠网络科技有限公司,家装设计,房产家居,2018-11-28,1017,1017,1,1,1,282.29,8281,2018-12-10 12:42:43
浙江土拨鼠网络科技有限公司,家装设计,房产家居,2018-11-29,748,748,2,2,1,282.29,8281,2018-12-10 12:42:43
巧家思索者科技有限公司,巧家网,房产家居,2018-11-19,0,0,0,0,0,284.55,6077,2018-12-10 12:42:32
巧家思索者科技有限公司,巧家网,房产家居,2018-11-20,0,0,0,0,0,284.55,6077,2018-12-10 12:42:32
巧家思索者科技有限公司,巧家网,房产家居,2018-11-21,1037,635,2,1,4,284.55,6077,2018-12-10 12:42:32
巧家思索者科技有限公司,巧家网,房产家居,2018-11-22,0,0,0,0,0,284.55,6077,2018-12-10 12:42:32
巧家思索者科技有限公司,巧家网,房产家居,2018-11-23,1162,535,8,5,6,284.55,6077,2018-12-10 12:42:32
巧家思索者科技有限公司,巧家网,房产家居,2018-11-24,2230,1335,7,4,5,284.55,6077,2018-12-10 12:42:32
巧家思索者科技有限公司,巧家网,房产家居,2018-11-25,2357,994,3,1,6,284.55,6077,2018-12-10 12:42:32
巧家思索者科技有限公司,巧家网,房产家居,2018-11-26,0,0,0,0,0,284.55,6077,2018-12-10 12:42:32
巧家思索者科技有限公司,巧家网,房产家居,2018-11-27,0,0,0,0,0,284.55,6077,2018-12-10 12:42:32
巧家思索者科技有限公司,巧家网,房产家居,2018-11-28,0,0,0,0,0,284.55,6077,2018-12-10 12:42:32
杭州长三角商业投资管理有限公司,长三角商业地产俱乐部,房产家居,2018-11-17,4592,3972,23,22,2,285.06,2万,2018-12-10 12:42:30
杭州长三角商业投资管理有限公司,长三角商业地产俱乐部,房产家居,2018-11-18,0,0,0,0,0,285.06,2万,2018-12-10 12:42:30
杭州长三角商业投资管理有限公司,长三角商业地产俱乐部,房产家居,2018-11-19,4808,2243,42,35,2,285.06,2万,2018-12-10 12:42:30
杭州长三角商业投资管理有限公司,长三角商业地产俱乐部,房产家居,2018-11-20,5780,4838,12,9,2,285.06,2万,2018-12-10 12:42:30
杭州长三角商业投资管理有限公司,长三角商业地产俱乐部,房产家居,2018-11-21,3811,2149,14,7,2,285.06,2万,2018-12-10 12:42:30
杭州长三角商业投资管理有限公司,长三角商业地产俱乐部,房产家居,2018-11-22,4006,1847,12,6,2,285.06,2万,2018-12-10 12:42:30
杭州长三角商业投资管理有限公司,长三角商业地产俱乐部,房产家居,2018-11-23,3845,3122,22,19,2,285.06,2万,2018-12-10 12:42:30
杭州长三角商业投资管理有限公司,长三角商业地产俱乐部,房产家居,2018-11-24,2882,2415,8,4,2,285.06,2万,2018-12-10 12:42:30
杭州长三角商业投资管理有限公司,长三角商业地产俱乐部,房产家居,2018-11-25,6310,4539,10,8,2,285.06,2万,2018-12-10 12:42:30
杭州长三角商业投资管理有限公司,长三角商业地产俱乐部,房产家居,2018-11-26,3352,2739,5,3,2,285.06,2万,2018-12-10 12:42:30
杭州长三角商业投资管理有限公司,长三角商业地产俱乐部,房产家居,2018-11-27,2508,1904,17,13,2,285.06,2万,2018-12-10 12:42:30
杭州长三角商业投资管理有限公司,长三角商业地产俱乐部,房产家居,2018-11-28,3082,2462,5,2,2,285.06,2万,2018-12-10 12:42:30
成都艾逸信网络技术有限公司,艾逸家居,房产家居,2018-11-19,0,0,0,0,0,285.93,4599,2018-12-10 12:42:27
成都艾逸信网络技术有限公司,艾逸家居,房产家居,2018-11-20,746,563,2,2,2,285.93,4599,2018-12-10 12:42:27
成都艾逸信网络技术有限公司,艾逸家居,房产家居,2018-11-21,0,0,0,0,0,285.93,4599,2018-12-10 12:42:27
成都艾逸信网络技术有限公司,艾逸家居,房产家居,2018-11-22,864,641,1,1,2,285.93,4599,2018-12-10 12:42:27
成都艾逸信网络技术有限公司,艾逸家居,房产家居,2018-11-23,0,0,0,0,0,285.93,4599,2018-12-10 12:42:27
成都艾逸信网络技术有限公司,艾逸家居,房产家居,2018-11-24,701,474,1,1,2,285.93,4599,2018-12-10 12:42:27
成都艾逸信网络技术有限公司,艾逸家居,房产家居,2018-11-25,0,0,0,0,0,285.93,4599,2018-12-10 12:42:27
成都艾逸信网络技术有限公司,艾逸家居,房产家居,2018-11-26,667,463,0,0,2,285.93,4599,2018-12-10 12:42:27
成都艾逸信网络技术有限公司,艾逸家居,房产家居,2018-11-27,0,0,0,0,0,285.93,4599,2018-12-10 12:42:27
成都艾逸信网络技术有限公司,艾逸家居,房产家居,2018-11-28,337,219,2,1,2,285.93,4599,2018-12-10 12:42:27
成都艾逸信网络技术有限公司,艾逸家居,房产家居,2018-11-29,0,0,0,0,0,285.93,4599,2018-12-10 12:42:27
个人,时尚创意家居,房产家居,2018-11-20,1951,811,16,2,8,285.25,5895,2018-12-10 12:42:30
个人,时尚创意家居,房产家居,2018-11-21,1435,501,6,1,8,285.25,5895,2018-12-10 12:42:30
个人,时尚创意家居,房产家居,2018-11-22,0,0,0,0,0,285.25,5895,2018-12-10 12:42:30
个人,时尚创意家居,房产家居,2018-11-23,0,0,0,0,0,285.25,5895,2018-12-10 12:42:30
个人,时尚创意家居,房产家居,2018-11-24,0,0,0,0,0,285.25,5895,2018-12-10 12:42:30
个人,时尚创意家居,房产家居,2018-11-25,1864,707,4,1,8,285.25,5895,2018-12-10 12:42:30
个人,时尚创意家居,房产家居,2018-11-26,2565,1422,11,8,8,285.25,5895,2018-12-10 12:42:30
个人,时尚创意家居,房产家居,2018-11-27,2131,804,14,5,8,285.25,5895,2018-12-10 12:42:30
个人,时尚创意家居,房产家居,2018-11-28,2020,701,9,4,8,285.25,5895,2018-12-10 12:42:30
个人,时尚创意家居,房产家居,2018-11-29,2044,924,10,5,8,285.25,5895,2018-12-10 12:42:30
个人,时尚创意家居,房产家居,2018-11-30,1861,965,5,2,8,285.25,5895,2018-12-10 12:42:30
个人,家美家居装修室内设计,房产家居,2018-11-19,2551,1263,5,1,8,285.18,6819,2018-12-10 12:42:30
个人,家美家居装修室内设计,房产家居,2018-11-20,2223,894,24,21,8,285.18,6819,2018-12-10 12:42:30
个人,家美家居装修室内设计,房产家居,2018-11-21,1724,547,6,0,8,285.18,6819,2018-12-10 12:42:30
个人,家美家居装修室内设计,房产家居,2018-11-22,1965,730,8,3,8,285.18,6819,2018-12-10 12:42:30
个人,家美家居装修室内设计,房产家居,2018-11-23,1639,835,12,2,8,285.18,6819,2018-12-10 12:42:30
个人,家美家居装修室内设计,房产家居,2018-11-24,0,0,0,0,0,285.18,6819,2018-12-10 12:42:30
个人,家美家居装修室内设计,房产家居,2018-11-25,2178,1035,4,2,8,285.18,6819,2018-12-10 12:42:30
个人,家美家居装修室内设计,房产家居,2018-11-26,2042,750,6,1,8,285.18,6819,2018-12-10 12:42:30
个人,家美家居装修室内设计,房产家居,2018-11-27,2050,956,1,0,8,285.18,6819,2018-12-10 12:42:30
湖北百搜网络科技有限公司,装修效果图片,房产家居,2018-11-19,2496,1499,16,11,4,286.33,1万,2018-12-10 12:42:22
湖北百搜网络科技有限公司,装修效果图片,房产家居,2018-11-20,2490,1565,13,7,4,286.33,1万,2018-12-10 12:42:22
湖北百搜网络科技有限公司,装修效果图片,房产家居,2018-11-21,1639,629,8,5,4,286.33,1万,2018-12-10 12:42:22
湖北百搜网络科技有限公司,装修效果图片,房产家居,2018-11-22,1930,956,9,6,4,286.33,1万,2018-12-10 12:42:22
湖北百搜网络科技有限公司,装修效果图片,房产家居,2018-11-23,1868,977,8,5,4,286.33,1万,2018-12-10 12:42:22
湖北百搜网络科技有限公司,装修效果图片,房产家居,2018-11-24,1486,383,5,2,4,286.33,1万,2018-12-10 12:42:22
湖北百搜网络科技有限公司,装修效果图片,房产家居,2018-11-25,1835,895,5,3,5,286.33,1万,2018-12-10 12:42:22
湖北百搜网络科技有限公司,装修效果图片,房产家居,2018-11-26,3735,2094,24,15,5,286.33,1万,2018-12-10 12:42:22
湖北百搜网络科技有限公司,装修效果图片,房产家居,2018-11-27,2569,1155,6,4,5,286.33,1万,2018-12-10 12:42:22
湖北百搜网络科技有限公司,装修效果图片,房产家居,2018-11-28,2329,1386,7,2,4,286.33,1万,2018-12-10 12:42:22
长沙驰腾信息科技有限公司,装修策略,房产家居,2018-11-18,2900,1502,11,4,8,287.52,6779,2018-12-10 12:42:17
长沙驰腾信息科技有限公司,装修策略,房产家居,2018-11-19,2039,711,8,6,8,287.52,6779,2018-12-10 12:42:17
长沙驰腾信息科技有限公司,装修策略,房产家居,2018-11-20,2385,835,13,7,8,287.52,6779,2018-12-10 12:42:17
长沙驰腾信息科技有限公司,装修策略,房产家居,2018-11-21,3472,1620,7,2,8,287.52,6779,2018-12-10 12:42:17
长沙驰腾信息科技有限公司,装修策略,房产家居,2018-11-22,1885,681,13,6,8,287.52,6779,2018-12-10 12:42:17
长沙驰腾信息科技有限公司,装修策略,房产家居,2018-11-23,2832,1322,23,16,8,287.52,6779,2018-12-10 12:42:17
长沙驰腾信息科技有限公司,装修策略,房产家居,2018-11-24,1440,402,14,6,8,287.52,6779,2018-12-10 12:42:17
长沙驰腾信息科技有限公司,装修策略,房产家居,2018-11-25,2353,760,14,5,8,287.52,6779,2018-12-10 12:42:17
长沙驰腾信息科技有限公司,装修策略,房产家居,2018-11-26,1956,568,8,3,8,287.52,6779,2018-12-10 12:42:17
长沙驰腾信息科技有限公司,装修策略,房产家居,2018-11-27,1649,560,16,6,7,287.52,6779,2018-12-10 12:42:17
长沙驰腾信息科技有限公司,装修策略,房产家居,2018-11-28,2140,898,13,4,8,287.52,6779,2018-12-10 12:42:17
杭州孤独信息技术有限公司,居家配饰馆,房产家居,2018-11-18,2447,947,2,0,8,289.48,4671,2018-12-10 12:42:11
杭州孤独信息技术有限公司,居家配饰馆,房产家居,2018-11-19,1510,554,3,0,8,289.48,4671,2018-12-10 12:42:11
杭州孤独信息技术有限公司,居家配饰馆,房产家居,2018-11-20,1433,494,0,0,8,289.48,4671,2018-12-10 12:42:11
杭州孤独信息技术有限公司,居家配饰馆,房产家居,2018-11-21,2100,554,4,1,8,289.48,4671,2018-12-10 12:42:11
杭州孤独信息技术有限公司,居家配饰馆,房产家居,2018-11-22,1445,258,2,0,8,289.48,4671,2018-12-10 12:42:11
杭州孤独信息技术有限公司,居家配饰馆,房产家居,2018-11-23,1911,692,0,0,8,289.48,4671,2018-12-10 12:42:11
杭州孤独信息技术有限公司,居家配饰馆,房产家居,2018-11-24,0,0,0,0,0,289.48,4671,2018-12-10 12:42:11
杭州孤独信息技术有限公司,居家配饰馆,房产家居,2018-11-25,2310,978,4,3,8,289.48,4671,2018-12-10 12:42:11
杭州孤独信息技术有限公司,居家配饰馆,房产家居,2018-11-26,1454,339,4,1,8,289.48,4671,2018-12-10 12:42:11
杭州孤独信息技术有限公司,居家配饰馆,房产家居,2018-11-27,1825,588,3,2,8,289.48,4671,2018-12-10 12:42:11
湖南创业工场网络科技有限公司,金牌经纪圈,房产家居,2018-11-14,0,0,0,0,0,244.14,6041,2018-12-10 12:44:45
湖南创业工场网络科技有限公司,金牌经纪圈,房产家居,2018-11-15,388,285,0,0,2,244.14,6041,2018-12-10 12:44:45
湖南创业工场网络科技有限公司,金牌经纪圈,房产家居,2018-11-16,0,0,0,0,0,244.14,6041,2018-12-10 12:44:45
湖南创业工场网络科技有限公司,金牌经纪圈,房产家居,2018-11-17,0,0,0,0,0,244.14,6041,2018-12-10 12:44:45
湖南创业工场网络科技有限公司,金牌经纪圈,房产家居,2018-11-18,467,346,0,0,2,244.14,6041,2018-12-10 12:44:45
湖南创业工场网络科技有限公司,金牌经纪圈,房产家居,2018-11-19,0,0,0,0,0,244.14,6041,2018-12-10 12:44:45
湖南创业工场网络科技有限公司,金牌经纪圈,房产家居,2018-11-20,0,0,0,0,0,244.14,6041,2018-12-10 12:44:45
湖南创业工场网络科技有限公司,金牌经纪圈,房产家居,2018-11-21,0,0,0,0,0,244.14,6041,2018-12-10 12:44:45
湖南创业工场网络科技有限公司,金牌经纪圈,房产家居,2018-11-22,0,0,0,0,0,244.14,6041,2018-12-10 12:44:45
湖南创业工场网络科技有限公司,金牌经纪圈,房产家居,2018-11-23,0,0,0,0,0,244.14,6041,2018-12-10 12:44:45
杭州欧成网络科技有限公司,有容商城,房产家居,2018-11-13,427,427,2,2,1,248.04,3157,2018-12-10 12:44:38
杭州欧成网络科技有限公司,有容商城,房产家居,2018-11-14,0,0,0,0,0,248.04,3157,2018-12-10 12:44:38
杭州欧成网络科技有限公司,有容商城,房产家居,2018-11-15,434,434,3,3,1,248.04,3157,2018-12-10 12:44:38
杭州欧成网络科技有限公司,有容商城,房产家居,2018-11-16,0,0,0,0,0,248.04,3157,2018-12-10 12:44:38
杭州欧成网络科技有限公司,有容商城,房产家居,2018-11-17,384,384,2,2,1,248.04,3157,2018-12-10 12:44:38
杭州欧成网络科技有限公司,有容商城,房产家居,2018-11-18,450,450,2,2,1,248.04,3157,2018-12-10 12:44:38
杭州欧成网络科技有限公司,有容商城,房产家居,2018-11-19,558,558,1,1,1,248.04,3157,2018-12-10 12:44:38
杭州欧成网络科技有限公司,有容商城,房产家居,2018-11-20,382,382,2,2,1,248.04,3157,2018-12-10 12:44:38
杭州欧成网络科技有限公司,有容商城,房产家居,2018-11-21,0,0,0,0,0,248.04,3157,2018-12-10 12:44:38
杭州欧成网络科技有限公司,有容商城,房产家居,2018-11-22,569,569,1,1,1,248.04,3157,2018-12-10 12:44:38
杭州欧成网络科技有限公司,有容商城,房产家居,2018-11-23,0,0,0,0,0,248.04,3157,2018-12-10 12:44:38
杭州欧成网络科技有限公司,有容商城,房产家居,2018-11-24,478,478,2,2,1,248.04,3157,2018-12-10 12:44:38
深圳市筑新居科技有限公司,房地产事,房产家居,2018-11-13,0,0,0,0,0,251.45,3110,2018-12-10 12:44:36
深圳市筑新居科技有限公司,房地产事,房产家居,2018-11-14,0,0,0,0,0,251.45,3110,2018-12-10 12:44:36
深圳市筑新居科技有限公司,房地产事,房产家居,2018-11-15,0,0,0,0,0,251.45,3110,2018-12-10 12:44:36
深圳市筑新居科技有限公司,房地产事,房产家居,2018-11-16,0,0,0,0,0,251.45,3110,2018-12-10 12:44:36
深圳市筑新居科技有限公司,房地产事,房产家居,2018-11-17,0,0,0,0,0,251.45,3110,2018-12-10 12:44:36
深圳市筑新居科技有限公司,房地产事,房产家居,2018-11-18,0,0,0,0,0,251.45,3110,2018-12-10 12:44:36
深圳市筑新居科技有限公司,房地产事,房产家居,2018-11-19,0,0,0,0,0,251.45,3110,2018-12-10 12:44:36
深圳市筑新居科技有限公司,房地产事,房产家居,2018-11-20,0,0,0,0,0,251.45,3110,2018-12-10 12:44:36
深圳市筑新居科技有限公司,房地产事,房产家居,2018-11-21,0,0,0,0,0,251.45,3110,2018-12-10 12:44:36
深圳市筑新居科技有限公司,房地产事,房产家居,2018-11-22,0,0,0,0,0,251.45,3110,2018-12-10 12:44:36
个人,地产精英俱乐部,房产家居,2018-11-17,1388,719,10,6,5,252.2,5070,2018-12-10 12:44:32
个人,地产精英俱乐部,房产家居,2018-11-18,879,415,6,3,6,252.2,5070,2018-12-10 12:44:32
个人,地产精英俱乐部,房产家居,2018-11-19,3981,3864,16,11,4,252.2,5070,2018-12-10 12:44:32
个人,地产精英俱乐部,房产家居,2018-11-20,1006,388,7,2,7,252.2,5070,2018-12-10 12:44:32
个人,地产精英俱乐部,房产家居,2018-11-21,1984,1596,7,6,8,252.2,5070,2018-12-10 12:44:32
个人,地产精英俱乐部,房产家居,2018-11-22,2224,1810,9,6,8,252.2,5070,2018-12-10 12:44:32
个人,地产精英俱乐部,房产家居,2018-11-23,538,230,4,2,5,252.2,5070,2018-12-10 12:44:32
个人,地产精英俱乐部,房产家居,2018-11-24,347,139,5,2,6,252.2,5070,2018-12-10 12:44:32
个人,地产精英俱乐部,房产家居,2018-11-25,686,303,5,4,4,252.2,5070,2018-12-10 12:44:32
个人,地产精英俱乐部,房产家居,2018-11-26,666,410,8,3,7,252.2,5070,2018-12-10 12:44:32
个人,地产精英俱乐部,房产家居,2018-11-27,767,376,5,2,7,252.2,5070,2018-12-10 12:44:32
个人,地产精英俱乐部,房产家居,2018-11-28,690,323,7,2,6,252.2,5070,2018-12-10 12:44:32
济南六度网络技术有限公司,装修之家,房产家居,2018-11-17,27,21,0,0,2,262.47,4507,2018-12-10 12:44:14
济南六度网络技术有限公司,装修之家,房产家居,2018-11-18,929,657,1,1,2,262.47,4507,2018-12-10 12:44:14
济南六度网络技术有限公司,装修之家,房产家居,2018-11-19,1036,581,3,1,3,262.47,4507,2018-12-10 12:44:14
济南六度网络技术有限公司,装修之家,房产家居,2018-11-20,961,495,3,1,3,262.47,4507,2018-12-10 12:44:14
济南六度网络技术有限公司,装修之家,房产家居,2018-11-21,1040,636,0,0,3,262.47,4507,2018-12-10 12:44:14
济南六度网络技术有限公司,装修之家,房产家居,2018-11-22,906,423,4,2,3,262.47,4507,2018-12-10 12:44:14
济南六度网络技术有限公司,装修之家,房产家居,2018-11-23,1067,611,3,1,3,262.47,4507,2018-12-10 12:44:14
济南六度网络技术有限公司,装修之家,房产家居,2018-11-24,344,166,0,0,3,262.47,4507,2018-12-10 12:44:14
济南六度网络技术有限公司,装修之家,房产家居,2018-11-25,735,582,2,1,2,262.47,4507,2018-12-10 12:44:14
济南六度网络技术有限公司,装修之家,房产家居,2018-11-26,1155,621,5,2,3,262.47,4507,2018-12-10 12:44:14
济南六度网络技术有限公司,装修之家,房产家居,2018-11-27,0,0,0,0,0,262.47,4507,2018-12-10 12:44:14
济南六度网络技术有限公司,装修之家,房产家居,2018-11-28,868,502,4,2,3,262.47,4507,2018-12-10 12:44:14
济南六度网络技术有限公司,装修之家,房产家居,2018-11-29,1151,573,5,3,3,262.47,4507,2018-12-10 12:44:14
济南六度网络技术有限公司,装修之家,房产家居,2018-11-30,1067,570,4,2,3,262.47,4507,2018-12-10 12:44:14
南京嘉网传媒有限公司,西祠房产,房产家居,2018-11-15,0,0,0,0,0,265.14,1万,2018-12-10 12:44:10
南京嘉网传媒有限公司,西祠房产,房产家居,2018-11-16,1310,1035,28,18,3,265.14,1万,2018-12-10 12:44:10
南京嘉网传媒有限公司,西祠房产,房产家居,2018-11-17,6091,5606,9,8,2,265.14,1万,2018-12-10 12:44:10
南京嘉网传媒有限公司,西祠房产,房产家居,2018-11-18,1496,1372,8,6,2,265.14,1万,2018-12-10 12:44:10
南京嘉网传媒有限公司,西祠房产,房产家居,2018-11-19,272,140,10,4,3,265.14,1万,2018-12-10 12:44:10
南京嘉网传媒有限公司,西祠房产,房产家居,2018-11-20,1498,1125,11,6,3,265.14,1万,2018-12-10 12:44:10
南京嘉网传媒有限公司,西祠房产,房产家居,2018-11-21,2580,2327,40,35,3,265.14,1万,2018-12-10 12:44:10
南京嘉网传媒有限公司,西祠房产,房产家居,2018-11-22,0,0,0,0,0,265.14,1万,2018-12-10 12:44:10
南京嘉网传媒有限公司,西祠房产,房产家居,2018-11-23,2162,1933,17,13,3,265.14,1万,2018-12-10 12:44:10
南京嘉网传媒有限公司,西祠房产,房产家居,2018-11-24,0,0,0,0,0,265.14,1万,2018-12-10 12:44:10
南京嘉网传媒有限公司,西祠房产,房产家居,2018-11-25,0,0,0,0,0,265.14,1万,2018-12-10 12:44:10
南京嘉网传媒有限公司,西祠房产,房产家居,2018-11-26,388,185,8,4,3,265.14,1万,2018-12-10 12:44:10
北京易想动力信息技术有限公司,家居,房产家居,2018-11-26,1056,511,6,4,3,269.86,4793,2018-12-10 12:43:47
北京易想动力信息技术有限公司,家居,房产家居,2018-11-27,946,470,4,2,3,269.86,4793,2018-12-10 12:43:47
北京易想动力信息技术有限公司,家居,房产家居,2018-11-28,1058,503,2,1,3,269.86,4793,2018-12-10 12:43:47
北京易想动力信息技术有限公司,家居,房产家居,2018-11-29,1025,627,2,1,3,269.86,4793,2018-12-10 12:43:47
北京易想动力信息技术有限公司,家居,房产家居,2018-11-30,0,0,0,0,0,269.86,4793,2018-12-10 12:43:47
北京易想动力信息技术有限公司,家居,房产家居,2018-12-01,1019,561,1,0,3,269.86,4793,2018-12-10 12:43:47
北京易想动力信息技术有限公司,家居,房产家居,2018-12-02,1132,516,4,0,3,269.86,4793,2018-12-10 12:43:47
北京易想动力信息技术有限公司,家居,房产家居,2018-12-03,1283,655,6,4,3,269.86,4793,2018-12-10 12:43:47
北京易想动力信息技术有限公司,家居,房产家居,2018-12-04,0,0,0,0,0,269.86,4793,2018-12-10 12:43:47
北京易想动力信息技术有限公司,家居,房产家居,2018-12-05,1037,558,2,2,3,269.86,4793,2018-12-10 12:43:47
北京易想动力信息技术有限公司,家居,房产家居,2018-12-06,0,0,0,0,0,269.86,4793,2018-12-10 12:43:47
北京易想动力信息技术有限公司,家居,房产家居,2018-12-07,916,454,1,0,3,269.86,4793,2018-12-10 12:43:47
北京易想动力信息技术有限公司,家居,房产家居,2018-12-08,643,223,1,0,3,269.86,4793,2018-12-10 12:43:47
北京易想动力信息技术有限公司,家居,房产家居,2018-12-09,1219,601,4,1,4,269.86,4793,2018-12-10 12:43:47
河北恋家网络技术有限公司,恋家网,房产家居,2018-11-29,0,0,0,0,0,270.5,1万,2018-12-10 12:43:46
河北恋家网络技术有限公司,恋家网,房产家居,2018-11-30,0,0,0,0,0,270.5,1万,2018-12-10 12:43:46
河北恋家网络技术有限公司,恋家网,房产家居,2018-12-01,0,0,0,0,0,270.5,1万,2018-12-10 12:43:46
河北恋家网络技术有限公司,恋家网,房产家居,2018-12-02,0,0,0,0,0,270.5,1万,2018-12-10 12:43:46
河北恋家网络技术有限公司,恋家网,房产家居,2018-12-03,0,0,0,0,0,270.5,1万,2018-12-10 12:43:46
河北恋家网络技术有限公司,恋家网,房产家居,2018-12-04,0,0,0,0,0,270.5,1万,2018-12-10 12:43:46
河北恋家网络技术有限公司,恋家网,房产家居,2018-12-05,0,0,0,0,0,270.5,1万,2018-12-10 12:43:46
河北恋家网络技术有限公司,恋家网,房产家居,2018-12-06,0,0,0,0,0,270.5,1万,2018-12-10 12:43:46
河北恋家网络技术有限公司,恋家网,房产家居,2018-12-07,0,0,0,0,0,270.5,1万,2018-12-10 12:43:46
河北恋家网络技术有限公司,恋家网,房产家居,2018-12-08,0,0,0,0,0,270.5,1万,2018-12-10 12:43:46
河北恋家网络技术有限公司,恋家网,房产家居,2018-12-09,1385,466,0,0,3,270.5,1万,2018-12-10 12:43:46
河北恋家网络技术有限公司,恋家网,房产家居,2018-12-10,0,0,0,0,0,270.5,1万,2018-12-10 12:43:46
上海齐家网信息科技股份有限公司,复式装修设计大全,房产家居,2018-11-26,2183,1037,4,3,4,276.72,6987,2018-12-10 12:43:16
上海齐家网信息科技股份有限公司,复式装修设计大全,房产家居,2018-11-27,2033,1073,5,3,4,276.72,6987,2018-12-10 12:43:16
上海齐家网信息科技股份有限公司,复式装修设计大全,房产家居,2018-11-28,1680,716,3,3,5,276.72,6987,2018-12-10 12:43:16
上海齐家网信息科技股份有限公司,复式装修设计大全,房产家居,2018-11-29,1863,1009,5,4,4,276.72,6987,2018-12-10 12:43:16
上海齐家网信息科技股份有限公司,复式装修设计大全,房产家居,2018-11-30,0,0,0,0,0,276.72,6987,2018-12-10 12:43:16
上海齐家网信息科技股份有限公司,复式装修设计大全,房产家居,2018-12-01,1618,809,1,1,4,276.72,6987,2018-12-10 12:43:16
上海齐家网信息科技股份有限公司,复式装修设计大全,房产家居,2018-12-02,2067,944,3,1,4,276.72,6987,2018-12-10 12:43:16
上海齐家网信息科技股份有限公司,复式装修设计大全,房产家居,2018-12-03,1496,762,2,0,4,276.72,6987,2018-12-10 12:43:16
上海齐家网信息科技股份有限公司,复式装修设计大全,房产家居,2018-12-04,1761,820,16,11,4,276.72,6987,2018-12-10 12:43:16
上海齐家网信息科技股份有限公司,复式装修设计大全,房产家居,2018-12-05,1625,665,1,1,5,276.72,6987,2018-12-10 12:43:16
上海齐家网信息科技股份有限公司,复式装修设计大全,房产家居,2018-12-06,1606,846,10,4,4,276.72,6987,2018-12-10 12:43:16
上海齐家网信息科技股份有限公司,复式装修设计大全,房产家居,2018-12-07,0,0,0,0,0,276.72,6987,2018-12-10 12:43:16
上海齐家网信息科技股份有限公司,复式装修设计大全,房产家居,2018-12-08,1648,826,5,3,4,276.72,6987,2018-12-10 12:43:16
上海齐家网信息科技股份有限公司,复式装修设计大全,房产家居,2018-12-09,1633,692,4,2,4,276.72,6987,2018-12-10 12:43:16
上海齐家网信息科技股份有限公司,单身公寓装修设计案例,房产家居,2018-11-27,0,0,0,0,0,277.7,9634,2018-12-10 12:43:10
上海齐家网信息科技股份有限公司,单身公寓装修设计案例,房产家居,2018-11-28,0,0,0,0,0,277.7,9634,2018-12-10 12:43:10
上海齐家网信息科技股份有限公司,单身公寓装修设计案例,房产家居,2018-11-29,1850,974,2,2,4,277.7,9634,2018-12-10 12:43:10
上海齐家网信息科技股份有限公司,单身公寓装修设计案例,房产家居,2018-11-30,0,0,0,0,0,277.7,9634,2018-12-10 12:43:10
上海齐家网信息科技股份有限公司,单身公寓装修设计案例,房产家居,2018-12-01,0,0,0,0,0,277.7,9634,2018-12-10 12:43:10
上海齐家网信息科技股份有限公司,单身公寓装修设计案例,房产家居,2018-12-02,0,0,0,0,0,277.7,9634,2018-12-10 12:43:10
上海齐家网信息科技股份有限公司,单身公寓装修设计案例,房产家居,2018-12-03,0,0,0,0,0,277.7,9634,2018-12-10 12:43:10
上海齐家网信息科技股份有限公司,单身公寓装修设计案例,房产家居,2018-12-04,1897,1133,7,6,4,277.7,9634,2018-12-10 12:43:10
上海齐家网信息科技股份有限公司,单身公寓装修设计案例,房产家居,2018-12-05,0,0,0,0,0,277.7,9634,2018-12-10 12:43:10
上海齐家网信息科技股份有限公司,单身公寓装修设计案例,房产家居,2018-12-06,0,0,0,0,0,277.7,9634,2018-12-10 12:43:10
上海齐家网信息科技股份有限公司,单身公寓装修设计案例,房产家居,2018-12-07,0,0,0,0,0,277.7,9634,2018-12-10 12:43:10
上海齐家网信息科技股份有限公司,单身公寓装修设计案例,房产家居,2018-12-08,0,0,0,0,0,277.7,9634,2018-12-10 12:43:10
浙江土拨鼠网络科技有限公司,潮流室内装修设计,房产家居,2018-11-28,1184,1184,1,1,1,280.28,8386,2018-12-10 12:43:00
浙江土拨鼠网络科技有限公司,潮流室内装修设计,房产家居,2018-11-29,1191,1191,3,3,1,280.28,8386,2018-12-10 12:43:00
浙江土拨鼠网络科技有限公司,潮流室内装修设计,房产家居,2018-11-30,1051,1051,2,2,1,280.28,8386,2018-12-10 12:43:00
浙江土拨鼠网络科技有限公司,潮流室内装修设计,房产家居,2018-12-01,0,0,0,0,0,280.28,8386,2018-12-10 12:43:00
浙江土拨鼠网络科技有限公司,潮流室内装修设计,房产家居,2018-12-02,919,919,4,4,1,280.28,8386,2018-12-10 12:43:00
浙江土拨鼠网络科技有限公司,潮流室内装修设计,房产家居,2018-12-03,1188,1188,1,1,1,280.28,8386,2018-12-10 12:43:00
浙江土拨鼠网络科技有限公司,潮流室内装修设计,房产家居,2018-12-04,1168,1168,2,2,1,280.28,8386,2018-12-10 12:43:00
浙江土拨鼠网络科技有限公司,潮流室内装修设计,房产家居,2018-12-05,991,991,6,6,1,280.28,8386,2018-12-10 12:43:00
浙江土拨鼠网络科技有限公司,潮流室内装修设计,房产家居,2018-12-06,1582,1077,6,3,2,280.28,8386,2018-12-10 12:43:00
浙江土拨鼠网络科技有限公司,潮流室内装修设计,房产家居,2018-12-07,1627,1043,7,7,2,280.28,8386,2018-12-10 12:43:00
浙江土拨鼠网络科技有限公司,潮流室内装修设计,房产家居,2018-12-08,943,943,3,3,1,280.28,8386,2018-12-10 12:43:00
浙江土拨鼠网络科技有限公司,潮流室内装修设计,房产家居,2018-12-09,900,900,3,3,1,280.28,8386,2018-12-10 12:43:00
浙江土拨鼠网络科技有限公司,潮流室内装修设计,房产家居,2018-12-10,0,0,0,0,0,280.28,8386,2018-12-10 12:43:00
杭州智蛙科技有限公司,好太太居家技巧,房产家居,2018-11-30,2199,841,19,9,8,279.19,5661,2018-12-10 12:43:06
杭州智蛙科技有限公司,好太太居家技巧,房产家居,2018-12-01,2137,292,49,0,8,279.19,5661,2018-12-10 12:43:06
杭州智蛙科技有限公司,好太太居家技巧,房产家居,2018-12-02,3702,1287,52,34,8,279.19,5661,2018-12-10 12:43:06
杭州智蛙科技有限公司,好太太居家技巧,房产家居,2018-12-03,1569,536,19,0,8,279.19,5661,2018-12-10 12:43:06
杭州智蛙科技有限公司,好太太居家技巧,房产家居,2018-12-04,2077,416,18,0,8,279.19,5661,2018-12-10 12:43:06
杭州智蛙科技有限公司,好太太居家技巧,房产家居,2018-12-05,3597,1199,104,42,8,279.19,5661,2018-12-10 12:43:06
杭州智蛙科技有限公司,好太太居家技巧,房产家居,2018-12-06,1397,267,29,0,8,279.19,5661,2018-12-10 12:43:06
杭州智蛙科技有限公司,好太太居家技巧,房产家居,2018-12-07,1892,770,17,7,8,279.19,5661,2018-12-10 12:43:06
杭州智蛙科技有限公司,好太太居家技巧,房产家居,2018-12-08,1680,602,5,0,8,279.19,5661,2018-12-10 12:43:06
杭州智蛙科技有限公司,好太太居家技巧,房产家居,2018-12-09,1814,488,22,15,8,279.19,5661,2018-12-10 12:43:06
杭州智蛙科技有限公司,好太太居家技巧,房产家居,2018-12-10,0,0,0,0,0,279.19,5661,2018-12-10 12:43:06
上海仁邦文化传播有限公司,北上广深房地产与百万经纪人Club,房产家居,2018-11-10,2764,1370,3,1,7,265.27,1万,2018-12-10 12:44:09
上海仁邦文化传播有限公司,北上广深房地产与百万经纪人Club,房产家居,2018-11-11,2000,1048,3,3,7,265.27,1万,2018-12-10 12:44:09
上海仁邦文化传播有限公司,北上广深房地产与百万经纪人Club,房产家居,2018-11-12,3750,2521,6,5,6,265.27,1万,2018-12-10 12:44:09
上海仁邦文化传播有限公司,北上广深房地产与百万经纪人Club,房产家居,2018-11-13,0,0,0,0,0,265.27,1万,2018-12-10 12:44:09
上海仁邦文化传播有限公司,北上广深房地产与百万经纪人Club,房产家居,2018-11-14,0,0,0,0,0,265.27,1万,2018-12-10 12:44:09
上海仁邦文化传播有限公司,北上广深房地产与百万经纪人Club,房产家居,2018-11-15,2277,1071,10,4,8,265.27,1万,2018-12-10 12:44:09
上海仁邦文化传播有限公司,北上广深房地产与百万经纪人Club,房产家居,2018-11-16,0,0,0,0,0,265.27,1万,2018-12-10 12:44:09
上海仁邦文化传播有限公司,北上广深房地产与百万经纪人Club,房产家居,2018-11-17,0,0,0,0,0,265.27,1万,2018-12-10 12:44:09
上海仁邦文化传播有限公司,北上广深房地产与百万经纪人Club,房产家居,2018-11-18,0,0,0,0,0,265.27,1万,2018-12-10 12:44:09
上海仁邦文化传播有限公司,北上广深房地产与百万经纪人Club,房产家居,2018-11-19,0,0,0,0,0,265.27,1万,2018-12-10 12:44:09
上海仁邦文化传播有限公司,北上广深房地产与百万经纪人Club,房产家居,2018-11-20,0,0,0,0,0,265.27,1万,2018-12-10 12:44:09
个人,家居装修设计效果图,房产家居,2018-11-30,2176,652,74,11,8,280.76,3180,2018-12-10 12:42:58
个人,家居装修设计效果图,房产家居,2018-12-01,0,0,0,0,0,280.76,3180,2018-12-10 12:42:58
个人,家居装修设计效果图,房产家居,2018-12-02,1454,245,62,6,8,280.76,3180,2018-12-10 12:42:58
个人,家居装修设计效果图,房产家居,2018-12-03,1704,482,48,7,8,280.76,3180,2018-12-10 12:42:58
个人,家居装修设计效果图,房产家居,2018-12-04,1782,603,53,7,8,280.76,3180,2018-12-10 12:42:58
个人,家居装修设计效果图,房产家居,2018-12-05,448,149,20,4,8,280.76,3180,2018-12-10 12:42:58
个人,家居装修设计效果图,房产家居,2018-12-06,0,0,0,0,0,280.76,3180,2018-12-10 12:42:58
个人,家居装修设计效果图,房产家居,2018-12-07,1446,416,42,5,8,280.76,3180,2018-12-10 12:42:58
个人,家居装修设计效果图,房产家居,2018-12-08,1366,363,38,7,7,280.76,3180,2018-12-10 12:42:58
个人,家居装修设计效果图,房产家居,2018-12-09,1647,552,53,8,8,280.76,3180,2018-12-10 12:42:58
个人,家居装修设计效果图,房产家居,2018-12-10,0,0,0,0,0,280.76,3180,2018-12-10 12:42:58
深圳市女神网络传媒有限公司,家居布局宝典,房产家居,2018-11-28,5938,2132,48,19,6,280.89,1万,2018-12-10 12:42:57
深圳市女神网络传媒有限公司,家居布局宝典,房产家居,2018-11-29,4723,1299,45,6,6,280.89,1万,2018-12-10 12:42:57
深圳市女神网络传媒有限公司,家居布局宝典,房产家居,2018-11-30,4066,1023,32,5,6,280.89,1万,2018-12-10 12:42:57
深圳市女神网络传媒有限公司,家居布局宝典,房产家居,2018-12-01,5300,1995,55,34,6,280.89,1万,2018-12-10 12:42:57
深圳市女神网络传媒有限公司,家居布局宝典,房产家居,2018-12-02,2809,336,24,1,6,280.89,1万,2018-12-10 12:42:57
深圳市女神网络传媒有限公司,家居布局宝典,房产家居,2018-12-03,5099,2019,32,5,6,280.89,1万,2018-12-10 12:42:57
深圳市女神网络传媒有限公司,家居布局宝典,房产家居,2018-12-04,5242,2680,33,8,6,280.89,1万,2018-12-10 12:42:57
深圳市女神网络传媒有限公司,家居布局宝典,房产家居,2018-12-05,5120,1920,56,28,6,280.89,1万,2018-12-10 12:42:57
深圳市女神网络传媒有限公司,家居布局宝典,房产家居,2018-12-06,6226,2936,22,3,6,280.89,1万,2018-12-10 12:42:57
深圳市女神网络传媒有限公司,家居布局宝典,房产家居,2018-12-07,4733,1986,36,10,6,280.89,1万,2018-12-10 12:42:57
深圳市女神网络传媒有限公司,家居布局宝典,房产家居,2018-12-08,3989,2191,29,15,5,280.89,1万,2018-12-10 12:42:57
深圳市女神网络传媒有限公司,家居布局宝典,房产家居,2018-12-09,2509,468,16,0,6,280.89,1万,2018-12-10 12:42:57
深圳市女神网络传媒有限公司,家居布局宝典,房产家居,2018-12-10,0,0,0,0,0,280.89,1万,2018-12-10 12:42:57
上海齐家网信息科技股份有限公司,别墅装修设计案例,房产家居,2018-11-27,3000,1375,3,2,4,280.92,1万,2018-12-10 12:42:57
上海齐家网信息科技股份有限公司,别墅装修设计案例,房产家居,2018-11-28,2303,1303,4,1,2,280.92,1万,2018-12-10 12:42:57
上海齐家网信息科技股份有限公司,别墅装修设计案例,房产家居,2018-11-29,2046,1070,2,1,4,280.92,1万,2018-12-10 12:42:57
上海齐家网信息科技股份有限公司,别墅装修设计案例,房产家居,2018-11-30,0,0,0,0,0,280.92,1万,2018-12-10 12:42:57
上海齐家网信息科技股份有限公司,别墅装修设计案例,房产家居,2018-12-01,2434,1377,2,1,4,280.92,1万,2018-12-10 12:42:57
上海齐家网信息科技股份有限公司,别墅装修设计案例,房产家居,2018-12-02,777,0,4,0,2,280.92,1万,2018-12-10 12:42:57
上海齐家网信息科技股份有限公司,别墅装修设计案例,房产家居,2018-12-03,0,0,0,0,0,280.92,1万,2018-12-10 12:42:57
上海齐家网信息科技股份有限公司,别墅装修设计案例,房产家居,2018-12-04,2608,1225,2,2,4,280.92,1万,2018-12-10 12:42:57
上海齐家网信息科技股份有限公司,别墅装修设计案例,房产家居,2018-12-05,0,0,0,0,0,280.92,1万,2018-12-10 12:42:57
上海齐家网信息科技股份有限公司,别墅装修设计案例,房产家居,2018-12-06,1556,874,2,1,3,280.92,1万,2018-12-10 12:42:57
上海齐家网信息科技股份有限公司,别墅装修设计案例,房产家居,2018-12-07,0,0,0,0,0,280.92,1万,2018-12-10 12:42:57
上海齐家网信息科技股份有限公司,别墅装修设计案例,房产家居,2018-12-08,1581,999,2,2,4,280.92,1万,2018-12-10 12:42:57
上海齐家网信息科技股份有限公司,别墅装修设计案例,房产家居,2018-12-09,1621,948,3,1,4,280.92,1万,2018-12-10 12:42:57
上海齐家网信息科技股份有限公司,别墅装修设计案例,房产家居,2018-12-10,0,0,0,0,0,280.92,1万,2018-12-10 12:42:57
浙江土拨鼠网络科技有限公司,家装设计,房产家居,2018-11-30,806,806,3,3,1,282.29,8281,2018-12-10 12:42:43
浙江土拨鼠网络科技有限公司,家装设计,房产家居,2018-12-01,0,0,0,0,0,282.29,8281,2018-12-10 12:42:43
浙江土拨鼠网络科技有限公司,家装设计,房产家居,2018-12-02,646,646,2,2,1,282.29,8281,2018-12-10 12:42:43
浙江土拨鼠网络科技有限公司,家装设计,房产家居,2018-12-03,742,742,4,4,1,282.29,8281,2018-12-10 12:42:43
浙江土拨鼠网络科技有限公司,家装设计,房产家居,2018-12-04,758,758,3,3,1,282.29,8281,2018-12-10 12:42:43
浙江土拨鼠网络科技有限公司,家装设计,房产家居,2018-12-05,960,960,2,2,1,282.29,8281,2018-12-10 12:42:43
浙江土拨鼠网络科技有限公司,家装设计,房产家居,2018-12-06,682,682,4,4,1,282.29,8281,2018-12-10 12:42:43
浙江土拨鼠网络科技有限公司,家装设计,房产家居,2018-12-07,746,746,5,5,1,282.29,8281,2018-12-10 12:42:43
浙江土拨鼠网络科技有限公司,家装设计,房产家居,2018-12-08,0,0,0,0,0,282.29,8281,2018-12-10 12:42:43
浙江土拨鼠网络科技有限公司,家装设计,房产家居,2018-12-09,891,891,7,7,1,282.29,8281,2018-12-10 12:42:43
浙江土拨鼠网络科技有限公司,家装设计,房产家居,2018-12-10,0,0,0,0,0,282.29,8281,2018-12-10 12:42:43
巧家思索者科技有限公司,巧家网,房产家居,2018-11-29,0,0,0,0,0,284.55,6077,2018-12-10 12:42:32
巧家思索者科技有限公司,巧家网,房产家居,2018-11-30,0,0,0,0,0,284.55,6077,2018-12-10 12:42:32
巧家思索者科技有限公司,巧家网,房产家居,2018-12-01,0,0,0,0,0,284.55,6077,2018-12-10 12:42:32
巧家思索者科技有限公司,巧家网,房产家居,2018-12-02,579,0,3,0,3,284.55,6077,2018-12-10 12:42:32
巧家思索者科技有限公司,巧家网,房产家居,2018-12-03,0,0,0,0,0,284.55,6077,2018-12-10 12:42:32
巧家思索者科技有限公司,巧家网,房产家居,2018-12-04,0,0,0,0,0,284.55,6077,2018-12-10 12:42:32
巧家思索者科技有限公司,巧家网,房产家居,2018-12-05,0,0,0,0,0,284.55,6077,2018-12-10 12:42:32
巧家思索者科技有限公司,巧家网,房产家居,2018-12-06,0,0,0,0,0,284.55,6077,2018-12-10 12:42:32
巧家思索者科技有限公司,巧家网,房产家居,2018-12-07,0,0,0,0,0,284.55,6077,2018-12-10 12:42:32
巧家思索者科技有限公司,巧家网,房产家居,2018-12-08,0,0,0,0,0,284.55,6077,2018-12-10 12:42:32
巧家思索者科技有限公司,巧家网,房产家居,2018-12-09,1580,1079,11,10,4,284.55,6077,2018-12-10 12:42:32
巧家思索者科技有限公司,巧家网,房产家居,2018-12-10,0,0,0,0,0,284.55,6077,2018-12-10 12:42:32
杭州长三角商业投资管理有限公司,长三角商业地产俱乐部,房产家居,2018-11-29,2284,1796,8,5,2,285.06,2万,2018-12-10 12:42:30
杭州长三角商业投资管理有限公司,长三角商业地产俱乐部,房产家居,2018-11-30,1101,825,3,2,2,285.06,2万,2018-12-10 12:42:30
杭州长三角商业投资管理有限公司,长三角商业地产俱乐部,房产家居,2018-12-01,2499,2408,10,8,2,285.06,2万,2018-12-10 12:42:30
杭州长三角商业投资管理有限公司,长三角商业地产俱乐部,房产家居,2018-12-02,6714,2660,31,7,2,285.06,2万,2018-12-10 12:42:30
杭州长三角商业投资管理有限公司,长三角商业地产俱乐部,房产家居,2018-12-03,6737,1572,26,5,2,285.06,2万,2018-12-10 12:42:30
杭州长三角商业投资管理有限公司,长三角商业地产俱乐部,房产家居,2018-12-04,2822,1199,9,4,2,285.06,2万,2018-12-10 12:42:30
杭州长三角商业投资管理有限公司,长三角商业地产俱乐部,房产家居,2018-12-05,5637,4926,26,22,2,285.06,2万,2018-12-10 12:42:30
杭州长三角商业投资管理有限公司,长三角商业地产俱乐部,房产家居,2018-12-06,7266,5328,16,10,2,285.06,2万,2018-12-10 12:42:30
杭州长三角商业投资管理有限公司,长三角商业地产俱乐部,房产家居,2018-12-07,9022,8103,20,15,2,285.06,2万,2018-12-10 12:42:30
杭州长三角商业投资管理有限公司,长三角商业地产俱乐部,房产家居,2018-12-08,6031,2249,31,13,2,285.06,2万,2018-12-10 12:42:30
杭州长三角商业投资管理有限公司,长三角商业地产俱乐部,房产家居,2018-12-09,1510,997,3,2,2,285.06,2万,2018-12-10 12:42:30
杭州长三角商业投资管理有限公司,长三角商业地产俱乐部,房产家居,2018-12-10,0,0,0,0,0,285.06,2万,2018-12-10 12:42:30
成都艾逸信网络技术有限公司,艾逸家居,房产家居,2018-11-30,475,241,0,0,2,285.93,4599,2018-12-10 12:42:27
成都艾逸信网络技术有限公司,艾逸家居,房产家居,2018-12-01,0,0,0,0,0,285.93,4599,2018-12-10 12:42:27
成都艾逸信网络技术有限公司,艾逸家居,房产家居,2018-12-02,571,571,0,0,1,285.93,4599,2018-12-10 12:42:27
成都艾逸信网络技术有限公司,艾逸家居,房产家居,2018-12-03,0,0,0,0,0,285.93,4599,2018-12-10 12:42:27
成都艾逸信网络技术有限公司,艾逸家居,房产家居,2018-12-04,743,493,1,1,2,285.93,4599,2018-12-10 12:42:27
成都艾逸信网络技术有限公司,艾逸家居,房产家居,2018-12-05,0,0,0,0,0,285.93,4599,2018-12-10 12:42:27
成都艾逸信网络技术有限公司,艾逸家居,房产家居,2018-12-06,0,0,0,0,0,285.93,4599,2018-12-10 12:42:27
成都艾逸信网络技术有限公司,艾逸家居,房产家居,2018-12-07,884,373,1,0,2,285.93,4599,2018-12-10 12:42:27
成都艾逸信网络技术有限公司,艾逸家居,房产家居,2018-12-08,0,0,0,0,0,285.93,4599,2018-12-10 12:42:27
成都艾逸信网络技术有限公司,艾逸家居,房产家居,2018-12-09,1444,1148,2,2,2,285.93,4599,2018-12-10 12:42:27
成都艾逸信网络技术有限公司,艾逸家居,房产家居,2018-12-10,0,0,0,0,0,285.93,4599,2018-12-10 12:42:27
个人,时尚创意家居,房产家居,2018-12-01,1845,717,10,1,8,285.25,5895,2018-12-10 12:42:30
个人,时尚创意家居,房产家居,2018-12-02,2098,854,19,6,8,285.25,5895,2018-12-10 12:42:30
个人,时尚创意家居,房产家居,2018-12-03,1664,710,11,3,8,285.25,5895,2018-12-10 12:42:30
个人,时尚创意家居,房产家居,2018-12-04,1688,760,9,4,8,285.25,5895,2018-12-10 12:42:30
个人,时尚创意家居,房产家居,2018-12-05,1664,692,7,1,8,285.25,5895,2018-12-10 12:42:30
个人,时尚创意家居,房产家居,2018-12-06,1882,541,15,5,8,285.25,5895,2018-12-10 12:42:30
个人,时尚创意家居,房产家居,2018-12-07,0,0,0,0,0,285.25,5895,2018-12-10 12:42:30
个人,时尚创意家居,房产家居,2018-12-08,1577,536,9,3,8,285.25,5895,2018-12-10 12:42:30
个人,时尚创意家居,房产家居,2018-12-09,1906,889,7,2,8,285.25,5895,2018-12-10 12:42:30
个人,时尚创意家居,房产家居,2018-12-10,0,0,0,0,0,285.25,5895,2018-12-10 12:42:30
个人,家美家居装修室内设计,房产家居,2018-11-28,2082,886,4,2,8,285.18,6819,2018-12-10 12:42:30
个人,家美家居装修室内设计,房产家居,2018-11-29,2203,803,3,0,8,285.18,6819,2018-12-10 12:42:30
个人,家美家居装修室内设计,房产家居,2018-11-30,1477,460,10,5,8,285.18,6819,2018-12-10 12:42:30
个人,家美家居装修室内设计,房产家居,2018-12-01,1861,735,10,9,8,285.18,6819,2018-12-10 12:42:30
个人,家美家居装修室内设计,房产家居,2018-12-02,2254,1029,7,3,8,285.18,6819,2018-12-10 12:42:30
个人,家美家居装修室内设计,房产家居,2018-12-03,1832,783,1,0,8,285.18,6819,2018-12-10 12:42:30
个人,家美家居装修室内设计,房产家居,2018-12-04,1782,680,7,2,8,285.18,6819,2018-12-10 12:42:30
个人,家美家居装修室内设计,房产家居,2018-12-05,1576,628,10,4,8,285.18,6819,2018-12-10 12:42:30
个人,家美家居装修室内设计,房产家居,2018-12-06,2403,1212,2,0,8,285.18,6819,2018-12-10 12:42:30
个人,家美家居装修室内设计,房产家居,2018-12-07,2028,977,4,3,8,285.18,6819,2018-12-10 12:42:30
个人,家美家居装修室内设计,房产家居,2018-12-08,1893,962,7,3,8,285.18,6819,2018-12-10 12:42:30
个人,家美家居装修室内设计,房产家居,2018-12-09,1903,866,9,4,8,285.18,6819,2018-12-10 12:42:30
个人,家美家居装修室内设计,房产家居,2018-12-10,0,0,0,0,0,285.18,6819,2018-12-10 12:42:30
湖北百搜网络科技有限公司,装修效果图片,房产家居,2018-11-29,1834,990,16,11,4,286.33,1万,2018-12-10 12:42:22
湖北百搜网络科技有限公司,装修效果图片,房产家居,2018-11-30,2148,916,5,4,5,286.33,1万,2018-12-10 12:42:22
湖北百搜网络科技有限公司,装修效果图片,房产家居,2018-12-01,2789,1857,27,25,4,286.33,1万,2018-12-10 12:42:22
湖北百搜网络科技有限公司,装修效果图片,房产家居,2018-12-02,2458,1176,17,15,5,286.33,1万,2018-12-10 12:42:22
湖北百搜网络科技有限公司,装修效果图片,房产家居,2018-12-03,2476,1006,2,1,4,286.33,1万,2018-12-10 12:42:22
湖北百搜网络科技有限公司,装修效果图片,房产家居,2018-12-04,1978,924,0,0,4,286.33,1万,2018-12-10 12:42:22
湖北百搜网络科技有限公司,装修效果图片,房产家居,2018-12-05,1774,780,4,2,4,286.33,1万,2018-12-10 12:42:22
湖北百搜网络科技有限公司,装修效果图片,房产家居,2018-12-06,2754,1485,4,2,5,286.33,1万,2018-12-10 12:42:22
湖北百搜网络科技有限公司,装修效果图片,房产家居,2018-12-07,0,0,0,0,0,286.33,1万,2018-12-10 12:42:22
湖北百搜网络科技有限公司,装修效果图片,房产家居,2018-12-08,1527,636,4,4,4,286.33,1万,2018-12-10 12:42:22
湖北百搜网络科技有限公司,装修效果图片,房产家居,2018-12-09,1905,1095,4,1,5,286.33,1万,2018-12-10 12:42:22
湖北百搜网络科技有限公司,装修效果图片,房产家居,2018-12-10,0,0,0,0,0,286.33,1万,2018-12-10 12:42:22
长沙驰腾信息科技有限公司,装修策略,房产家居,2018-11-29,1718,428,6,0,8,287.52,6779,2018-12-10 12:42:17
长沙驰腾信息科技有限公司,装修策略,房产家居,2018-11-30,2968,1745,19,11,8,287.52,6779,2018-12-10 12:42:17
长沙驰腾信息科技有限公司,装修策略,房产家居,2018-12-01,3092,1406,25,14,7,287.52,6779,2018-12-10 12:42:17
长沙驰腾信息科技有限公司,装修策略,房产家居,2018-12-02,2159,718,17,4,8,287.52,6779,2018-12-10 12:42:17
长沙驰腾信息科技有限公司,装修策略,房产家居,2018-12-03,2262,730,15,8,8,287.52,6779,2018-12-10 12:42:17
长沙驰腾信息科技有限公司,装修策略,房产家居,2018-12-04,2252,996,23,13,8,287.52,6779,2018-12-10 12:42:17
长沙驰腾信息科技有限公司,装修策略,房产家居,2018-12-05,2659,1370,17,11,8,287.52,6779,2018-12-10 12:42:17
长沙驰腾信息科技有限公司,装修策略,房产家居,2018-12-06,3201,1553,19,8,8,287.52,6779,2018-12-10 12:42:17
长沙驰腾信息科技有限公司,装修策略,房产家居,2018-12-07,2036,780,24,17,8,287.52,6779,2018-12-10 12:42:17
长沙驰腾信息科技有限公司,装修策略,房产家居,2018-12-08,2077,631,9,6,8,287.52,6779,2018-12-10 12:42:17
长沙驰腾信息科技有限公司,装修策略,房产家居,2018-12-09,2098,827,22,13,8,287.52,6779,2018-12-10 12:42:17
长沙驰腾信息科技有限公司,装修策略,房产家居,2018-12-10,0,0,0,0,0,287.52,6779,2018-12-10 12:42:17
杭州孤独信息技术有限公司,居家配饰馆,房产家居,2018-11-28,2173,965,0,0,8,289.48,4671,2018-12-10 12:42:11
杭州孤独信息技术有限公司,居家配饰馆,房产家居,2018-11-29,2445,910,8,2,8,289.48,4671,2018-12-10 12:42:11
杭州孤独信息技术有限公司,居家配饰馆,房产家居,2018-11-30,2019,561,8,2,8,289.48,4671,2018-12-10 12:42:11
杭州孤独信息技术有限公司,居家配饰馆,房产家居,2018-12-01,1509,516,22,1,8,289.48,4671,2018-12-10 12:42:11
杭州孤独信息技术有限公司,居家配饰馆,房产家居,2018-12-02,1906,428,0,0,8,289.48,4671,2018-12-10 12:42:11
杭州孤独信息技术有限公司,居家配饰馆,房产家居,2018-12-03,1616,473,2,1,8,289.48,4671,2018-12-10 12:42:11
杭州孤独信息技术有限公司,居家配饰馆,房产家居,2018-12-04,0,0,0,0,0,289.48,4671,2018-12-10 12:42:11
杭州孤独信息技术有限公司,居家配饰馆,房产家居,2018-12-05,2080,622,3,3,8,289.48,4671,2018-12-10 12:42:11
杭州孤独信息技术有限公司,居家配饰馆,房产家居,2018-12-06,2780,742,3,1,8,289.48,4671,2018-12-10 12:42:11
杭州孤独信息技术有限公司,居家配饰馆,房产家居,2018-12-07,1198,318,3,0,8,289.48,4671,2018-12-10 12:42:11
杭州孤独信息技术有限公司,居家配饰馆,房产家居,2018-12-08,1942,481,9,1,8,289.48,4671,2018-12-10 12:42:11
杭州孤独信息技术有限公司,居家配饰馆,房产家居,2018-12-09,2220,955,11,10,8,289.48,4671,2018-12-10 12:42:11
湖南创业工场网络科技有限公司,金牌经纪圈,房产家居,2018-11-24,0,0,0,0,0,244.14,6041,2018-12-10 12:44:45
湖南创业工场网络科技有限公司,金牌经纪圈,房产家居,2018-11-25,0,0,0,0,0,244.14,6041,2018-12-10 12:44:45
湖南创业工场网络科技有限公司,金牌经纪圈,房产家居,2018-11-26,0,0,0,0,0,244.14,6041,2018-12-10 12:44:45
湖南创业工场网络科技有限公司,金牌经纪圈,房产家居,2018-11-27,541,456,2,1,2,244.14,6041,2018-12-10 12:44:45
湖南创业工场网络科技有限公司,金牌经纪圈,房产家居,2018-11-28,0,0,0,0,0,244.14,6041,2018-12-10 12:44:45
湖南创业工场网络科技有限公司,金牌经纪圈,房产家居,2018-11-29,0,0,0,0,0,244.14,6041,2018-12-10 12:44:45
湖南创业工场网络科技有限公司,金牌经纪圈,房产家居,2018-11-30,0,0,0,0,0,244.14,6041,2018-12-10 12:44:45
湖南创业工场网络科技有限公司,金牌经纪圈,房产家居,2018-12-01,0,0,0,0,0,244.14,6041,2018-12-10 12:44:45
湖南创业工场网络科技有限公司,金牌经纪圈,房产家居,2018-12-02,720,530,1,1,2,244.14,6041,2018-12-10 12:44:45
湖南创业工场网络科技有限公司,金牌经纪圈,房产家居,2018-12-03,235,177,2,2,2,244.14,6041,2018-12-10 12:44:45
湖南创业工场网络科技有限公司,金牌经纪圈,房产家居,2018-12-04,56,0,0,0,1,244.14,6041,2018-12-10 12:44:45
湖南创业工场网络科技有限公司,金牌经纪圈,房产家居,2018-12-05,662,662,1,1,1,244.14,6041,2018-12-10 12:44:45
湖南创业工场网络科技有限公司,金牌经纪圈,房产家居,2018-12-06,774,749,2,2,2,244.14,6041,2018-12-10 12:44:45
湖南创业工场网络科技有限公司,金牌经纪圈,房产家居,2018-12-07,0,0,0,0,0,244.14,6041,2018-12-10 12:44:45
杭州欧成网络科技有限公司,有容商城,房产家居,2018-11-25,454,454,3,3,1,248.04,3157,2018-12-10 12:44:38
杭州欧成网络科技有限公司,有容商城,房产家居,2018-11-26,453,453,2,2,1,248.04,3157,2018-12-10 12:44:38
杭州欧成网络科技有限公司,有容商城,房产家居,2018-11-27,569,569,2,2,1,248.04,3157,2018-12-10 12:44:38
杭州欧成网络科技有限公司,有容商城,房产家居,2018-11-28,475,475,1,1,1,248.04,3157,2018-12-10 12:44:38
杭州欧成网络科技有限公司,有容商城,房产家居,2018-11-29,0,0,0,0,0,248.04,3157,2018-12-10 12:44:38
杭州欧成网络科技有限公司,有容商城,房产家居,2018-11-30,0,0,0,0,0,248.04,3157,2018-12-10 12:44:38
杭州欧成网络科技有限公司,有容商城,房产家居,2018-12-01,528,528,1,1,1,248.04,3157,2018-12-10 12:44:38
杭州欧成网络科技有限公司,有容商城,房产家居,2018-12-02,497,497,1,1,1,248.04,3157,2018-12-10 12:44:38
杭州欧成网络科技有限公司,有容商城,房产家居,2018-12-03,0,0,0,0,0,248.04,3157,2018-12-10 12:44:38
杭州欧成网络科技有限公司,有容商城,房产家居,2018-12-04,0,0,0,0,0,248.04,3157,2018-12-10 12:44:38
杭州欧成网络科技有限公司,有容商城,房产家居,2018-12-05,0,0,0,0,0,248.04,3157,2018-12-10 12:44:38
杭州欧成网络科技有限公司,有容商城,房产家居,2018-12-06,0,0,0,0,0,248.04,3157,2018-12-10 12:44:38
杭州欧成网络科技有限公司,有容商城,房产家居,2018-12-07,0,0,0,0,0,248.04,3157,2018-12-10 12:44:38
深圳市筑新居科技有限公司,房地产事,房产家居,2018-11-23,0,0,0,0,0,251.45,3110,2018-12-10 12:44:36
深圳市筑新居科技有限公司,房地产事,房产家居,2018-11-24,0,0,0,0,0,251.45,3110,2018-12-10 12:44:36
深圳市筑新居科技有限公司,房地产事,房产家居,2018-11-25,0,0,0,0,0,251.45,3110,2018-12-10 12:44:36
深圳市筑新居科技有限公司,房地产事,房产家居,2018-11-26,0,0,0,0,0,251.45,3110,2018-12-10 12:44:36
深圳市筑新居科技有限公司,房地产事,房产家居,2018-11-27,0,0,0,0,0,251.45,3110,2018-12-10 12:44:36
深圳市筑新居科技有限公司,房地产事,房产家居,2018-11-28,0,0,0,0,0,251.45,3110,2018-12-10 12:44:36
深圳市筑新居科技有限公司,房地产事,房产家居,2018-11-29,0,0,0,0,0,251.45,3110,2018-12-10 12:44:36
深圳市筑新居科技有限公司,房地产事,房产家居,2018-11-30,0,0,0,0,0,251.45,3110,2018-12-10 12:44:36
深圳市筑新居科技有限公司,房地产事,房产家居,2018-12-01,0,0,0,0,0,251.45,3110,2018-12-10 12:44:36
深圳市筑新居科技有限公司,房地产事,房产家居,2018-12-02,0,0,0,0,0,251.45,3110,2018-12-10 12:44:36
深圳市筑新居科技有限公司,房地产事,房产家居,2018-12-03,0,0,0,0,0,251.45,3110,2018-12-10 12:44:36
深圳市筑新居科技有限公司,房地产事,房产家居,2018-12-04,0,0,0,0,0,251.45,3110,2018-12-10 12:44:36
个人,地产精英俱乐部,房产家居,2018-11-29,577,311,13,6,6,252.2,5070,2018-12-10 12:44:32
个人,地产精英俱乐部,房产家居,2018-11-30,751,540,7,1,5,252.2,5070,2018-12-10 12:44:32
个人,地产精英俱乐部,房产家居,2018-12-01,1727,1160,6,1,4,252.2,5070,2018-12-10 12:44:32
个人,地产精英俱乐部,房产家居,2018-12-02,565,261,1,1,4,252.2,5070,2018-12-10 12:44:32
个人,地产精英俱乐部,房产家居,2018-12-03,978,405,13,4,6,252.2,5070,2018-12-10 12:44:32
个人,地产精英俱乐部,房产家居,2018-12-04,2176,1849,12,4,6,252.2,5070,2018-12-10 12:44:32
个人,地产精英俱乐部,房产家居,2018-12-05,703,469,6,3,5,252.2,5070,2018-12-10 12:44:32
个人,地产精英俱乐部,房产家居,2018-12-06,422,249,2,2,5,252.2,5070,2018-12-10 12:44:32
个人,地产精英俱乐部,房产家居,2018-12-07,402,295,5,2,5,252.2,5070,2018-12-10 12:44:32
个人,地产精英俱乐部,房产家居,2018-12-08,0,0,0,0,0,252.2,5070,2018-12-10 12:44:32
个人,地产精英俱乐部,房产家居,2018-12-09,477,274,2,1,4,252.2,5070,2018-12-10 12:44:32
个人,地产精英俱乐部,房产家居,2018-12-10,0,0,0,0,0,252.2,5070,2018-12-10 12:44:32
济南六度网络技术有限公司,装修之家,房产家居,2018-12-01,1037,514,5,1,3,262.47,4507,2018-12-10 12:44:14
济南六度网络技术有限公司,装修之家,房产家居,2018-12-02,1231,554,3,1,3,262.47,4507,2018-12-10 12:44:14
济南六度网络技术有限公司,装修之家,房产家居,2018-12-03,0,0,0,0,0,262.47,4507,2018-12-10 12:44:14
济南六度网络技术有限公司,装修之家,房产家居,2018-12-04,1002,556,4,2,3,262.47,4507,2018-12-10 12:44:14
济南六度网络技术有限公司,装修之家,房产家居,2018-12-05,1156,698,5,2,3,262.47,4507,2018-12-10 12:44:14
济南六度网络技术有限公司,装修之家,房产家居,2018-12-06,0,0,0,0,0,262.47,4507,2018-12-10 12:44:14
济南六度网络技术有限公司,装修之家,房产家居,2018-12-07,896,484,4,1,3,262.47,4507,2018-12-10 12:44:14
济南六度网络技术有限公司,装修之家,房产家居,2018-12-08,0,0,0,0,0,262.47,4507,2018-12-10 12:44:14
济南六度网络技术有限公司,装修之家,房产家居,2018-12-09,926,512,0,0,3,262.47,4507,2018-12-10 12:44:14
济南六度网络技术有限公司,装修之家,房产家居,2018-12-10,0,0,0,0,0,262.47,4507,2018-12-10 12:44:14
南京嘉网传媒有限公司,西祠房产,房产家居,2018-11-27,7090,6317,27,11,4,265.14,1万,2018-12-10 12:44:10
南京嘉网传媒有限公司,西祠房产,房产家居,2018-11-28,4159,3940,16,11,3,265.14,1万,2018-12-10 12:44:10
南京嘉网传媒有限公司,西祠房产,房产家居,2018-11-29,0,0,0,0,0,265.14,1万,2018-12-10 12:44:10
南京嘉网传媒有限公司,西祠房产,房产家居,2018-11-30,1090,877,11,5,3,265.14,1万,2018-12-10 12:44:10
南京嘉网传媒有限公司,西祠房产,房产家居,2018-12-01,0,0,0,0,0,265.14,1万,2018-12-10 12:44:10
南京嘉网传媒有限公司,西祠房产,房产家居,2018-12-02,0,0,0,0,0,265.14,1万,2018-12-10 12:44:10
南京嘉网传媒有限公司,西祠房产,房产家居,2018-12-03,243,188,5,3,3,265.14,1万,2018-12-10 12:44:10
南京嘉网传媒有限公司,西祠房产,房产家居,2018-12-04,0,0,0,0,0,265.14,1万,2018-12-10 12:44:10
南京嘉网传媒有限公司,西祠房产,房产家居,2018-12-05,0,0,0,0,0,265.14,1万,2018-12-10 12:44:10
南京嘉网传媒有限公司,西祠房产,房产家居,2018-12-06,0,0,0,0,0,265.14,1万,2018-12-10 12:44:10
南京嘉网传媒有限公司,西祠房产,房产家居,2018-12-07,0,0,0,0,0,265.14,1万,2018-12-10 12:44:10
南京嘉网传媒有限公司,西祠房产,房产家居,2018-12-08,0,0,0,0,0,265.14,1万,2018-12-10 12:44:10
北京易想动力信息技术有限公司,家居,房产家居,2018-12-10,0,0,0,0,0,269.86,4793,2018-12-10 12:43:47
上海齐家网信息科技股份有限公司,复式装修设计大全,房产家居,2018-12-10,0,0,0,0,0,276.72,6987,2018-12-10 12:43:16
上海齐家网信息科技股份有限公司,单身公寓装修设计案例,房产家居,2018-12-09,1561,816,2,0,4,277.7,9634,2018-12-10 12:43:10
上海齐家网信息科技股份有限公司,单身公寓装修设计案例,房产家居,2018-12-10,0,0,0,0,0,277.7,9634,2018-12-10 12:43:10
上海仁邦文化传播有限公司,北上广深房地产与百万经纪人Club,房产家居,2018-11-21,0,0,0,0,0,265.27,1万,2018-12-10 12:44:09
上海仁邦文化传播有限公司,北上广深房地产与百万经纪人Club,房产家居,2018-11-22,0,0,0,0,0,265.27,1万,2018-12-10 12:44:09
上海仁邦文化传播有限公司,北上广深房地产与百万经纪人Club,房产家居,2018-11-23,0,0,0,0,0,265.27,1万,2018-12-10 12:44:09
上海仁邦文化传播有限公司,北上广深房地产与百万经纪人Club,房产家居,2018-11-24,0,0,0,0,0,265.27,1万,2018-12-10 12:44:09
上海仁邦文化传播有限公司,北上广深房地产与百万经纪人Club,房产家居,2018-11-25,0,0,0,0,0,265.27,1万,2018-12-10 12:44:09
上海仁邦文化传播有限公司,北上广深房地产与百万经纪人Club,房产家居,2018-11-26,0,0,0,0,0,265.27,1万,2018-12-10 12:44:09
上海仁邦文化传播有限公司,北上广深房地产与百万经纪人Club,房产家居,2018-11-27,3339,1858,4,3,8,265.27,1万,2018-12-10 12:44:09
上海仁邦文化传播有限公司,北上广深房地产与百万经纪人Club,房产家居,2018-11-28,0,0,0,0,0,265.27,1万,2018-12-10 12:44:09
上海仁邦文化传播有限公司,北上广深房地产与百万经纪人Club,房产家居,2018-11-29,0,0,0,0,0,265.27,1万,2018-12-10 12:44:09
上海仁邦文化传播有限公司,北上广深房地产与百万经纪人Club,房产家居,2018-11-30,5409,3186,33,18,8,265.27,1万,2018-12-10 12:44:09
上海仁邦文化传播有限公司,北上广深房地产与百万经纪人Club,房产家居,2018-12-01,4245,3140,16,6,8,265.27,1万,2018-12-10 12:44:09
杭州孤独信息技术有限公司,居家配饰馆,房产家居,2018-12-10,0,0,0,0,0,289.48,4671,2018-12-10 12:42:11
湖南创业工场网络科技有限公司,金牌经纪圈,房产家居,2018-12-08,0,0,0,0,0,244.14,6041,2018-12-10 12:44:45
湖南创业工场网络科技有限公司,金牌经纪圈,房产家居,2018-12-09,357,272,2,1,2,244.14,6041,2018-12-10 12:44:45
湖南创业工场网络科技有限公司,金牌经纪圈,房产家居,2018-12-10,0,0,0,0,0,244.14,6041,2018-12-10 12:44:45
杭州欧成网络科技有限公司,有容商城,房产家居,2018-12-08,0,0,0,0,0,248.04,3157,2018-12-10 12:44:38
杭州欧成网络科技有限公司,有容商城,房产家居,2018-12-09,374,374,2,2,1,248.04,3157,2018-12-10 12:44:38
杭州欧成网络科技有限公司,有容商城,房产家居,2018-12-10,0,0,0,0,0,248.04,3157,2018-12-10 12:44:38
深圳市筑新居科技有限公司,房地产事,房产家居,2018-12-05,290,113,0,0,4,251.45,3110,2018-12-10 12:44:36
深圳市筑新居科技有限公司,房地产事,房产家居,2018-12-06,221,57,1,0,4,251.45,3110,2018-12-10 12:44:36
深圳市筑新居科技有限公司,房地产事,房产家居,2018-12-07,175,72,0,0,4,251.45,3110,2018-12-10 12:44:36
深圳市筑新居科技有限公司,房地产事,房产家居,2018-12-08,0,0,0,0,0,251.45,3110,2018-12-10 12:44:36
深圳市筑新居科技有限公司,房地产事,房产家居,2018-12-09,603,104,1,0,4,251.45,3110,2018-12-10 12:44:36
深圳市筑新居科技有限公司,房地产事,房产家居,2018-12-10,0,0,0,0,0,251.45,3110,2018-12-10 12:44:36
南京嘉网传媒有限公司,西祠房产,房产家居,2018-12-09,793,569,12,6,2,265.14,1万,2018-12-10 12:44:10
南京嘉网传媒有限公司,西祠房产,房产家居,2018-12-10,0,0,0,0,0,265.14,1万,2018-12-10 12:44:10
上海仁邦文化传播有限公司,北上广深房地产与百万经纪人Club,房产家居,2018-12-02,6586,2194,18,6,8,265.27,1万,2018-12-10 12:44:09
上海仁邦文化传播有限公司,北上广深房地产与百万经纪人Club,房产家居,2018-12-03,2376,960,2,0,8,265.27,1万,2018-12-10 12:44:09
上海仁邦文化传播有限公司,北上广深房地产与百万经纪人Club,房产家居,2018-12-04,3578,1669,4,1,8,265.27,1万,2018-12-10 12:44:09
上海仁邦文化传播有限公司,北上广深房地产与百万经纪人Club,房产家居,2018-12-05,2628,1344,3,2,7,265.27,1万,2018-12-10 12:44:09
上海仁邦文化传播有限公司,北上广深房地产与百万经纪人Club,房产家居,2018-12-06,2246,1333,3,3,8,265.27,1万,2018-12-10 12:44:09
上海仁邦文化传播有限公司,北上广深房地产与百万经纪人Club,房产家居,2018-12-07,0,0,0,0,0,265.27,1万,2018-12-10 12:44:09
上海仁邦文化传播有限公司,北上广深房地产与百万经纪人Club,房产家居,2018-12-08,0,0,0,0,0,265.27,1万,2018-12-10 12:44:09
上海仁邦文化传播有限公司,北上广深房地产与百万经纪人Club,房产家居,2018-12-09,776,321,3,0,8,265.27,1万,2018-12-10 12:44:09
上海仁邦文化传播有限公司,北上广深房地产与百万经纪人Club,房产家居,2018-12-10,0,0,0,0,0,265.27,1万,2018-12-10 12:44:09
